Tarih,Saat,PTF (USD/MWh)
1.01.2024,00:00,44.16
1.01.2024,01:00,44.16
1.01.2024,02:00,42.41
1.01.2024,03:00,44.16
1.01.2024,04:00,40.76
1.01.2024,05:00,40.76
1.01.2024,06:00,42.41
1.01.2024,07:00,44.16
1.01.2024,08:00,44.16
1.01.2024,09:00,47.56
1.01.2024,10:00,44.16
1.01.2024,11:00,40.76
1.01.2024,12:00,33.97
1.01.2024,13:00,40.76
1.01.2024,14:00,44.16
1.01.2024,15:00,44.16
1.01.2024,16:00,65.06
1.01.2024,17:00,85.77
1.01.2024,18:00,88.37
1.01.2024,19:00,74.73
1.01.2024,20:00,67.94
1.01.2024,21:00,54.86
1.01.2024,22:00,44.16
1.01.2024,23:00,31.04
2.01.2024,00:00,44.16
2.01.2024,01:00,44.16
2.01.2024,02:00,43.68
2.01.2024,03:00,44.16
2.01.2024,04:00,43.68
2.01.2024,05:00,43.68
2.01.2024,06:00,43.68
2.01.2024,07:00,61.14
2.01.2024,08:00,89.99
2.01.2024,09:00,91.72
2.01.2024,10:00,81.46
2.01.2024,11:00,81.53
2.01.2024,12:00,67.06
2.01.2024,13:00,69.64
2.01.2024,14:00,76.36
2.01.2024,15:00,78.13
2.01.2024,16:00,85.77
2.01.2024,17:00,91.72
2.01.2024,18:00,91.72
2.01.2024,19:00,84.92
2.01.2024,20:00,84.31
2.01.2024,21:00,84.31
2.01.2024,22:00,78.06
2.01.2024,23:00,74.66
3.01.2024,00:00,78.98
3.01.2024,01:00,76.36
3.01.2024,02:00,74.33
3.01.2024,03:00,74.33
3.01.2024,04:00,71.27
3.01.2024,05:00,49.26
3.01.2024,06:00,45.86
3.01.2024,07:00,71.7
3.01.2024,08:00,89.99
3.01.2024,09:00,91.38
3.01.2024,10:00,80.85
3.01.2024,11:00,77.72
3.01.2024,12:00,45.86
3.01.2024,13:00,49.26
3.01.2024,14:00,72.92
3.01.2024,15:00,77.72
3.01.2024,16:00,80.85
3.01.2024,17:00,88.32
3.01.2024,18:00,88.12
3.01.2024,19:00,78.13
3.01.2024,20:00,66.85
3.01.2024,21:00,77.72
3.01.2024,22:00,74.22
3.01.2024,23:00,67.87
4.01.2024,00:00,74.15
4.01.2024,01:00,54.22
4.01.2024,02:00,42.1
4.01.2024,03:00,39.92
4.01.2024,04:00,42.1
4.01.2024,05:00,48.87
4.01.2024,06:00,75.5
4.01.2024,07:00,72.4
4.01.2024,08:00,87.64
4.01.2024,09:00,90.64
4.01.2024,10:00,87.64
4.01.2024,11:00,88.52
4.01.2024,12:00,75.81
4.01.2024,13:00,72.47
4.01.2024,14:00,63.87
4.01.2024,15:00,72.4
4.01.2024,16:00,79.14
4.01.2024,17:00,88.1
4.01.2024,18:00,85.01
4.01.2024,19:00,74.43
4.01.2024,20:00,79.14
4.01.2024,21:00,79.55
4.01.2024,22:00,67.92
4.01.2024,23:00,45.5
5.01.2024,00:00,45.39
5.01.2024,01:00,56.97
5.01.2024,02:00,60.53
5.01.2024,03:00,67.25
5.01.2024,04:00,75.66
5.01.2024,05:00,77.17
5.01.2024,06:00,78.18
5.01.2024,07:00,76.94
5.01.2024,08:00,86.89
5.01.2024,09:00,90.42
5.01.2024,10:00,83.03
5.01.2024,11:00,85.71
5.01.2024,12:00,71.42
5.01.2024,13:00,67.76
5.01.2024,14:00,82.32
5.01.2024,15:00,80.7
5.01.2024,16:00,88.27
5.01.2024,17:00,90.79
5.01.2024,18:00,90.79
5.01.2024,19:00,90.42
5.01.2024,20:00,89.07
5.01.2024,21:00,82.45
5.01.2024,22:00,77.14
5.01.2024,23:00,76.94
6.01.2024,00:00,77.16
6.01.2024,01:00,75.57
6.01.2024,02:00,77.17
6.01.2024,03:00,72.28
6.01.2024,04:00,67.74
6.01.2024,05:00,68.89
6.01.2024,06:00,75.31
6.01.2024,07:00,80.69
6.01.2024,08:00,90.77
6.01.2024,09:00,90.77
6.01.2024,10:00,80.01
6.01.2024,11:00,50.43
6.01.2024,12:00,32.95
6.01.2024,13:00,40.5
6.01.2024,14:00,45.39
6.01.2024,15:00,45.39
6.01.2024,16:00,55.27
6.01.2024,17:00,87.41
6.01.2024,18:00,87.46
6.01.2024,19:00,81.53
6.01.2024,20:00,78.16
6.01.2024,21:00,75.31
6.01.2024,22:00,40.5
6.01.2024,23:00,8.41
7.01.2024,00:00,45.34
7.01.2024,01:00,40.31
7.01.2024,02:00,38.45
7.01.2024,03:00,16.79
7.01.2024,04:00,15.02
7.01.2024,05:00,9.24
7.01.2024,06:00,24.92
7.01.2024,07:00,19.04
7.01.2024,08:00,38.45
7.01.2024,09:00,9.24
7.01.2024,10:00,3.86
7.01.2024,11:00,3.72
7.01.2024,12:00,3.43
7.01.2024,13:00,3.73
7.01.2024,14:00,9.24
7.01.2024,15:00,31.75
7.01.2024,16:00,38.45
7.01.2024,17:00,58.62
7.01.2024,18:00,66.78
7.01.2024,19:00,48.7
7.01.2024,20:00,50.38
7.01.2024,21:00,50.86
7.01.2024,22:00,3.91
7.01.2024,23:00,4.37
8.01.2024,00:00,9.24
8.01.2024,01:00,4.37
8.01.2024,02:00,3.86
8.01.2024,03:00,3.72
8.01.2024,04:00,3.72
8.01.2024,05:00,3.86
8.01.2024,06:00,9.24
8.01.2024,07:00,33.59
8.01.2024,08:00,83.97
8.01.2024,09:00,84.81
8.01.2024,10:00,54.25
8.01.2024,11:00,70.13
8.01.2024,12:00,38.21
8.01.2024,13:00,45.35
8.01.2024,14:00,73.09
8.01.2024,15:00,75.24
8.01.2024,16:00,75.24
8.01.2024,17:00,88.98
8.01.2024,18:00,88.98
8.01.2024,19:00,88.17
8.01.2024,20:00,83.64
8.01.2024,21:00,81.45
8.01.2024,22:00,75.24
8.01.2024,23:00,70.44
9.01.2024,00:00,82.63
9.01.2024,01:00,70.81
9.01.2024,02:00,47.02
9.01.2024,03:00,45.35
9.01.2024,04:00,45.34
9.01.2024,05:00,45.34
9.01.2024,06:00,45.35
9.01.2024,07:00,63.82
9.01.2024,08:00,83.97
9.01.2024,09:00,90.32
9.01.2024,10:00,88.94
9.01.2024,11:00,90.32
9.01.2024,12:00,74.5
9.01.2024,13:00,75.58
9.01.2024,14:00,83.94
9.01.2024,15:00,80.77
9.01.2024,16:00,87.3
9.01.2024,17:00,85.65
9.01.2024,18:00,83.54
9.01.2024,19:00,63.65
9.01.2024,20:00,67.68
9.01.2024,21:00,67.68
9.01.2024,22:00,52.93
9.01.2024,23:00,41.99
10.01.2024,00:00,45.25
10.01.2024,01:00,52.82
10.01.2024,02:00,45.25
10.01.2024,03:00,45.25
10.01.2024,04:00,39.88
10.01.2024,05:00,45.25
10.01.2024,06:00,46.93
10.01.2024,07:00,77.06
10.01.2024,08:00,75.08
10.01.2024,09:00,83.8
10.01.2024,10:00,83.8
10.01.2024,11:00,83.76
10.01.2024,12:00,71.97
10.01.2024,13:00,73.71
10.01.2024,14:00,78.77
10.01.2024,15:00,81.36
10.01.2024,16:00,82.7
10.01.2024,17:00,85.47
10.01.2024,18:00,79.77
10.01.2024,19:00,77.06
10.01.2024,20:00,73.74
10.01.2024,21:00,80.41
10.01.2024,22:00,76.15
10.01.2024,23:00,67.54
11.01.2024,00:00,42.67
11.01.2024,01:00,41.8
11.01.2024,02:00,45.18
11.01.2024,03:00,41.8
11.01.2024,04:00,41.8
11.01.2024,05:00,45.18
11.01.2024,06:00,66.93
11.01.2024,07:00,61.77
11.01.2024,08:00,72.07
11.01.2024,09:00,86.91
11.01.2024,10:00,85.15
11.01.2024,11:00,86.91
11.01.2024,12:00,74.76
11.01.2024,13:00,81.54
11.01.2024,14:00,85.33
11.01.2024,15:00,88.51
11.01.2024,16:00,89.95
11.01.2024,17:00,90.35
11.01.2024,18:00,90.35
11.01.2024,19:00,88.57
11.01.2024,20:00,87.01
11.01.2024,21:00,82.32
11.01.2024,22:00,76.54
11.01.2024,23:00,71.82
12.01.2024,00:00,83.57
12.01.2024,01:00,76.89
12.01.2024,02:00,72.74
12.01.2024,03:00,71.84
12.01.2024,04:00,66.86
12.01.2024,05:00,71.84
12.01.2024,06:00,79.53
12.01.2024,07:00,74.4
12.01.2024,08:00,90.26
12.01.2024,09:00,90.26
12.01.2024,10:00,90.26
12.01.2024,11:00,90.26
12.01.2024,12:00,83.57
12.01.2024,13:00,79.96
12.01.2024,14:00,83.24
12.01.2024,15:00,82.81
12.01.2024,16:00,80.23
12.01.2024,17:00,83.57
12.01.2024,18:00,70.64
12.01.2024,19:00,68.5
12.01.2024,20:00,79.9
12.01.2024,21:00,79.9
12.01.2024,22:00,70.62
12.01.2024,23:00,50.08
13.01.2024,00:00,50
13.01.2024,01:00,41.69
13.01.2024,02:00,41.69
13.01.2024,03:00,41.69
13.01.2024,04:00,41.69
13.01.2024,05:00,45.06
13.01.2024,06:00,41.83
13.01.2024,07:00,59.15
13.01.2024,08:00,71.89
13.01.2024,09:00,83.02
13.01.2024,10:00,70.33
13.01.2024,11:00,83.42
13.01.2024,12:00,63.46
13.01.2024,13:00,70.1
13.01.2024,14:00,73.1
13.01.2024,15:00,73.4
13.01.2024,16:00,73.1
13.01.2024,17:00,79.78
13.01.2024,18:00,88.42
13.01.2024,19:00,85.12
13.01.2024,20:00,79.78
13.01.2024,21:00,79.99
13.01.2024,22:00,76.74
13.01.2024,23:00,74.94
14.01.2024,00:00,83.29
14.01.2024,01:00,72.96
14.01.2024,02:00,72.66
14.01.2024,03:00,49.97
14.01.2024,04:00,49.91
14.01.2024,05:00,72.66
14.01.2024,06:00,79.96
14.01.2024,07:00,83.25
14.01.2024,08:00,86.62
14.01.2024,09:00,82.95
14.01.2024,10:00,74.79
14.01.2024,11:00,69.66
14.01.2024,12:00,49.91
14.01.2024,13:00,49.91
14.01.2024,14:00,69.66
14.01.2024,15:00,73.26
14.01.2024,16:00,83.26
14.01.2024,17:00,89.62
14.01.2024,18:00,88.22
14.01.2024,19:00,84.86
14.01.2024,20:00,81.29
14.01.2024,21:00,79.81
14.01.2024,22:00,74.79
14.01.2024,23:00,69.93
15.01.2024,00:00,71.59
15.01.2024,01:00,41.61
15.01.2024,02:00,39.61
15.01.2024,03:00,39.61
15.01.2024,04:00,33.32
15.01.2024,05:00,39.61
15.01.2024,06:00,41.61
15.01.2024,07:00,46.57
15.01.2024,08:00,86.62
15.01.2024,09:00,89.62
15.01.2024,10:00,86.62
15.01.2024,11:00,86.22
15.01.2024,12:00,63.47
15.01.2024,13:00,59.97
15.01.2024,14:00,63.3
15.01.2024,15:00,76.2
15.01.2024,16:00,85.43
15.01.2024,17:00,89.95
15.01.2024,18:00,88.25
15.01.2024,19:00,77.55
15.01.2024,20:00,79.12
15.01.2024,21:00,80.47
15.01.2024,22:00,59.97
15.01.2024,23:00,35.21
16.01.2024,00:00,48.31
16.01.2024,01:00,41.61
16.01.2024,02:00,35.21
16.01.2024,03:00,33.32
16.01.2024,04:00,33.32
16.01.2024,05:00,39.61
16.01.2024,06:00,34.41
16.01.2024,07:00,41.61
16.01.2024,08:00,72.4
16.01.2024,09:00,74.96
16.01.2024,10:00,74.96
16.01.2024,11:00,83.29
16.01.2024,12:00,76.29
16.01.2024,13:00,87.41
16.01.2024,14:00,87.49
16.01.2024,15:00,88.25
16.01.2024,16:00,89.52
16.01.2024,17:00,89.95
16.01.2024,18:00,88.25
16.01.2024,19:00,82.95
16.01.2024,20:00,76.62
16.01.2024,21:00,80.5
16.01.2024,22:00,76.63
16.01.2024,23:00,76.2
17.01.2024,00:00,73.22
17.01.2024,01:00,73.02
17.01.2024,02:00,71.17
17.01.2024,03:00,69.9
17.01.2024,04:00,65.5
17.01.2024,05:00,73.02
17.01.2024,06:00,79.85
17.01.2024,07:00,86.54
17.01.2024,08:00,89.87
17.01.2024,09:00,89.87
17.01.2024,10:00,89.87
17.01.2024,11:00,89.87
17.01.2024,12:00,87.93
17.01.2024,13:00,87.68
17.01.2024,14:00,87.41
17.01.2024,15:00,88.17
17.01.2024,16:00,89.87
17.01.2024,17:00,89.87
17.01.2024,18:00,89.87
17.01.2024,19:00,89.03
17.01.2024,20:00,83.21
17.01.2024,21:00,79.56
17.01.2024,22:00,75.95
17.01.2024,23:00,73.02
18.01.2024,00:00,76.61
18.01.2024,01:00,74.72
18.01.2024,02:00,41.57
18.01.2024,03:00,41.57
18.01.2024,04:00,41.06
18.01.2024,05:00,35.18
18.01.2024,06:00,33.28
18.01.2024,07:00,58.97
18.01.2024,08:00,87.41
18.01.2024,09:00,89.86
18.01.2024,10:00,86.2
18.01.2024,11:00,83.19
18.01.2024,12:00,63.27
18.01.2024,13:00,66.56
18.01.2024,14:00,77.38
18.01.2024,15:00,74.16
18.01.2024,16:00,82.62
18.01.2024,17:00,89.43
18.01.2024,18:00,86.2
18.01.2024,19:00,68.23
18.01.2024,20:00,69.89
18.01.2024,21:00,69.89
18.01.2024,22:00,44.1
18.01.2024,23:00,41.06
19.01.2024,00:00,40.99
19.01.2024,01:00,40.99
19.01.2024,02:00,40.99
19.01.2024,03:00,29.93
19.01.2024,04:00,33.25
19.01.2024,05:00,40.89
19.01.2024,06:00,40.89
19.01.2024,07:00,49.55
19.01.2024,08:00,79.77
19.01.2024,09:00,87.33
19.01.2024,10:00,82.77
19.01.2024,11:00,73.42
19.01.2024,12:00,40.99
19.01.2024,13:00,39.51
19.01.2024,14:00,59.86
19.01.2024,15:00,64.02
19.01.2024,16:00,80.64
19.01.2024,17:00,86.13
19.01.2024,18:00,87.11
19.01.2024,19:00,79.81
19.01.2024,20:00,79.81
19.01.2024,21:00,79.77
19.01.2024,22:00,66.51
19.01.2024,23:00,64.78
20.01.2024,00:00,66.48
20.01.2024,01:00,49.53
20.01.2024,02:00,63.16
20.01.2024,03:00,49.53
20.01.2024,04:00,49.86
20.01.2024,05:00,71.46
20.01.2024,06:00,77.38
20.01.2024,07:00,71.46
20.01.2024,08:00,72.74
20.01.2024,09:00,78.31
20.01.2024,10:00,76.12
20.01.2024,11:00,76.12
20.01.2024,12:00,63.2
20.01.2024,13:00,66.48
20.01.2024,14:00,62.99
20.01.2024,15:00,66.48
20.01.2024,16:00,78.54
20.01.2024,17:00,82.73
20.01.2024,18:00,88.05
20.01.2024,19:00,83.1
20.01.2024,20:00,83.1
20.01.2024,21:00,81.4
20.01.2024,22:00,44.04
20.01.2024,23:00,39.07
21.01.2024,00:00,39.84
21.01.2024,01:00,34.86
21.01.2024,02:00,33.2
21.01.2024,03:00,33.2
21.01.2024,04:00,28.24
21.01.2024,05:00,29.88
21.01.2024,06:00,41.43
21.01.2024,07:00,33.2
21.01.2024,08:00,25.89
21.01.2024,09:00,41.43
21.01.2024,10:00,44.82
21.01.2024,11:00,41.43
21.01.2024,12:00,41.43
21.01.2024,13:00,41.43
21.01.2024,14:00,41.43
21.01.2024,15:00,39.84
21.01.2024,16:00,38.03
21.01.2024,17:00,62.91
21.01.2024,18:00,73.04
21.01.2024,19:00,63.08
21.01.2024,20:00,49.47
21.01.2024,21:00,41.43
21.01.2024,22:00,33.2
21.01.2024,23:00,16.53
22.01.2024,00:00,41.43
22.01.2024,01:00,25.89
22.01.2024,02:00,8.47
22.01.2024,03:00,6.64
22.01.2024,04:00,5.84
22.01.2024,05:00,6.64
22.01.2024,06:00,16.6
22.01.2024,07:00,29.88
22.01.2024,08:00,79.68
22.01.2024,09:00,89.21
22.01.2024,10:00,84.95
22.01.2024,11:00,76.02
22.01.2024,12:00,44.82
22.01.2024,13:00,62.55
22.01.2024,14:00,73.14
22.01.2024,15:00,73.14
22.01.2024,16:00,79.68
22.01.2024,17:00,85.98
22.01.2024,18:00,85.98
22.01.2024,19:00,75.53
22.01.2024,20:00,69.85
22.01.2024,21:00,63.08
22.01.2024,22:00,71.38
22.01.2024,23:00,52.95
23.01.2024,00:00,44.82
23.01.2024,01:00,49.47
23.01.2024,02:00,50.22
23.01.2024,03:00,41.43
23.01.2024,04:00,41.46
23.01.2024,05:00,49.4
23.01.2024,06:00,50.22
23.01.2024,07:00,69.72
23.01.2024,08:00,79.68
23.01.2024,09:00,85.58
23.01.2024,10:00,81.34
23.01.2024,11:00,79.64
23.01.2024,12:00,66.4
23.01.2024,13:00,69.65
23.01.2024,14:00,73.04
23.01.2024,15:00,79.64
23.01.2024,16:00,84.66
23.01.2024,17:00,89.64
23.01.2024,18:00,89.64
23.01.2024,19:00,82.6
23.01.2024,20:00,79.68
23.01.2024,21:00,79.64
23.01.2024,22:00,76.35
23.01.2024,23:00,73.04
24.01.2024,00:00,77.04
24.01.2024,01:00,73.13
24.01.2024,02:00,58.14
24.01.2024,03:00,40.49
24.01.2024,04:00,29.82
24.01.2024,05:00,29.82
24.01.2024,06:00,40.85
24.01.2024,07:00,66.27
24.01.2024,08:00,87.77
24.01.2024,09:00,87.77
24.01.2024,10:00,77.86
24.01.2024,11:00,73.13
24.01.2024,12:00,40.85
24.01.2024,13:00,40.85
24.01.2024,14:00,73.09
24.01.2024,15:00,75.38
24.01.2024,16:00,73.13
24.01.2024,17:00,87.8
24.01.2024,18:00,89.46
24.01.2024,19:00,84.49
24.01.2024,20:00,82.47
24.01.2024,21:00,79.16
24.01.2024,22:00,74.41
24.01.2024,23:00,72.7
25.01.2024,00:00,79.32
25.01.2024,01:00,79.42
25.01.2024,02:00,72.45
25.01.2024,03:00,71.15
25.01.2024,04:00,66.18
25.01.2024,05:00,67.84
25.01.2024,06:00,72.45
25.01.2024,07:00,69.49
25.01.2024,08:00,82.14
25.01.2024,09:00,82.14
25.01.2024,10:00,77.77
25.01.2024,11:00,76.08
25.01.2024,12:00,69.16
25.01.2024,13:00,71.11
25.01.2024,14:00,72.45
25.01.2024,15:00,75.52
25.01.2024,16:00,82.14
25.01.2024,17:00,89.35
25.01.2024,18:00,89.35
25.01.2024,19:00,82.61
25.01.2024,20:00,76.11
25.01.2024,21:00,76.11
25.01.2024,22:00,75.45
25.01.2024,23:00,72.45
26.01.2024,00:00,79.14
26.01.2024,01:00,74.14
26.01.2024,02:00,71.82
26.01.2024,03:00,52.95
26.01.2024,04:00,49.25
26.01.2024,05:00,49.25
26.01.2024,06:00,70.99
26.01.2024,07:00,72.81
26.01.2024,08:00,76.12
26.01.2024,09:00,86.02
26.01.2024,10:00,82.74
26.01.2024,11:00,82.11
26.01.2024,12:00,69.64
26.01.2024,13:00,66.19
26.01.2024,14:00,74.14
26.01.2024,15:00,75.27
26.01.2024,16:00,80.92
26.01.2024,17:00,87.71
26.01.2024,18:00,87.64
26.01.2024,19:00,78.2
26.01.2024,20:00,76.12
26.01.2024,21:00,77.62
26.01.2024,22:00,71.96
26.01.2024,23:00,62.88
27.01.2024,00:00,49.24
27.01.2024,01:00,69.49
27.01.2024,02:00,63.21
27.01.2024,03:00,41.33
27.01.2024,04:00,41.33
27.01.2024,05:00,48.13
27.01.2024,06:00,49.24
27.01.2024,07:00,49.24
27.01.2024,08:00,67.84
27.01.2024,09:00,78.76
27.01.2024,10:00,77.73
27.01.2024,11:00,77.73
27.01.2024,12:00,69.27
27.01.2024,13:00,69.27
27.01.2024,14:00,70.87
27.01.2024,15:00,72.8
27.01.2024,16:00,76.94
27.01.2024,17:00,84.35
27.01.2024,18:00,89.35
27.01.2024,19:00,82.73
27.01.2024,20:00,79
27.01.2024,21:00,79
27.01.2024,22:00,73.79
27.01.2024,23:00,69.46
28.01.2024,00:00,84.25
28.01.2024,01:00,76.9
28.01.2024,02:00,66.81
28.01.2024,03:00,49.22
28.01.2024,04:00,66.65
28.01.2024,05:00,66.15
28.01.2024,06:00,70.28
28.01.2024,07:00,62.84
28.01.2024,08:00,47.96
28.01.2024,09:00,46.82
28.01.2024,10:00,39.5
28.01.2024,11:00,20.25
28.01.2024,12:00,24.81
28.01.2024,13:00,33.07
28.01.2024,14:00,33.08
28.01.2024,15:00,34.73
28.01.2024,16:00,40.96
28.01.2024,17:00,66.15
28.01.2024,18:00,84.31
28.01.2024,19:00,84.01
28.01.2024,20:00,76.57
28.01.2024,21:00,74.09
28.01.2024,22:00,40.96
28.01.2024,23:00,39.5
29.01.2024,00:00,40.96
29.01.2024,01:00,39.14
29.01.2024,02:00,33.08
29.01.2024,03:00,33.07
29.01.2024,04:00,33.08
29.01.2024,05:00,33.07
29.01.2024,06:00,25.8
29.01.2024,07:00,44.65
29.01.2024,08:00,80.94
29.01.2024,09:00,82.69
29.01.2024,10:00,74.09
29.01.2024,11:00,79.38
29.01.2024,12:00,66.81
29.01.2024,13:00,71.01
29.01.2024,14:00,75.1
29.01.2024,15:00,75.98
29.01.2024,16:00,79.35
29.01.2024,17:00,85.96
29.01.2024,18:00,81.63
29.01.2024,19:00,70.28
29.01.2024,20:00,74.09
29.01.2024,21:00,75.98
29.01.2024,22:00,64.5
29.01.2024,23:00,33.08
30.01.2024,00:00,44.65
30.01.2024,01:00,40.96
30.01.2024,02:00,39.07
30.01.2024,03:00,40.96
30.01.2024,04:00,39.07
30.01.2024,05:00,39.07
30.01.2024,06:00,29.77
30.01.2024,07:00,40.96
30.01.2024,08:00,66.15
30.01.2024,09:00,84.31
30.01.2024,10:00,73.13
30.01.2024,11:00,73.13
30.01.2024,12:00,62.75
30.01.2024,13:00,66.15
30.01.2024,14:00,73.13
30.01.2024,15:00,77.73
30.01.2024,16:00,84.31
30.01.2024,17:00,87.62
30.01.2024,18:00,85.19
30.01.2024,19:00,72.76
30.01.2024,20:00,69.59
30.01.2024,21:00,62.8
30.01.2024,22:00,40.96
30.01.2024,23:00,39.07
31.01.2024,00:00,40.89
31.01.2024,01:00,40.89
31.01.2024,02:00,40.49
31.01.2024,03:00,40.49
31.01.2024,04:00,33.02
31.01.2024,05:00,33.02
31.01.2024,06:00,40.49
31.01.2024,07:00,49.13
31.01.2024,08:00,74.29
31.01.2024,09:00,84.1
31.01.2024,10:00,73.01
31.01.2024,11:00,69.76
31.01.2024,12:00,40.89
31.01.2024,13:00,40.89
31.01.2024,14:00,66.04
31.01.2024,15:00,73.96
31.01.2024,16:00,84.53
31.01.2024,17:00,89.15
31.01.2024,18:00,89.15
31.01.2024,19:00,84.53
31.01.2024,20:00,77.6
31.01.2024,21:00,74.13
31.01.2024,22:00,74.41
31.01.2024,23:00,66.04
1.02.2024,00:00,82.49
1.02.2024,01:00,79.16
1.02.2024,02:00,72.59
1.02.2024,03:00,49.1
1.02.2024,04:00,49.03
1.02.2024,05:00,70.12
1.02.2024,06:00,73.12
1.02.2024,07:00,79.19
1.02.2024,08:00,84.94
1.02.2024,09:00,85.63
1.02.2024,10:00,78.9
1.02.2024,11:00,78.84
1.02.2024,12:00,65.99
1.02.2024,13:00,66.49
1.02.2024,14:00,73.12
1.02.2024,15:00,78.9
1.02.2024,16:00,87.31
1.02.2024,17:00,89.09
1.02.2024,18:00,89.09
1.02.2024,19:00,88.43
1.02.2024,20:00,87.41
1.02.2024,21:00,82.01
1.02.2024,22:00,79.19
1.02.2024,23:00,77.35
2.02.2024,00:00,79.22
2.02.2024,01:00,77.37
2.02.2024,02:00,73.15
2.02.2024,03:00,72.62
2.02.2024,04:00,73.15
2.02.2024,05:00,73.15
2.02.2024,06:00,73.94
2.02.2024,07:00,77.37
2.02.2024,08:00,88.46
2.02.2024,09:00,88.46
2.02.2024,10:00,78.47
2.02.2024,11:00,78.47
2.02.2024,12:00,65.93
2.02.2024,13:00,41.23
2.02.2024,14:00,65.93
2.02.2024,15:00,70.89
2.02.2024,16:00,78.93
2.02.2024,17:00,88.46
2.02.2024,18:00,87.47
2.02.2024,19:00,79.22
2.02.2024,20:00,78.67
2.02.2024,21:00,73.94
2.02.2024,22:00,73.15
2.02.2024,23:00,69.32
3.02.2024,00:00,72.59
3.02.2024,01:00,72.53
3.02.2024,02:00,69.29
3.02.2024,03:00,69.26
3.02.2024,04:00,72.53
3.02.2024,05:00,77.69
3.02.2024,06:00,79.19
3.02.2024,07:00,79.16
3.02.2024,08:00,85.79
3.02.2024,09:00,83.32
3.02.2024,10:00,77.87
3.02.2024,11:00,75.89
3.02.2024,12:00,72.59
3.02.2024,13:00,72.59
3.02.2024,14:00,69.29
3.02.2024,15:00,65.99
3.02.2024,16:00,61.97
3.02.2024,17:00,79.46
3.02.2024,18:00,88.43
3.02.2024,19:00,88.43
3.02.2024,20:00,87.31
3.02.2024,21:00,80.79
3.02.2024,22:00,79.16
3.02.2024,23:00,72.59
4.02.2024,00:00,80.66
4.02.2024,01:00,75.52
4.02.2024,02:00,73.12
4.02.2024,03:00,73.12
4.02.2024,04:00,73.12
4.02.2024,05:00,72.23
4.02.2024,06:00,78.98
4.02.2024,07:00,78.98
4.02.2024,08:00,78.03
4.02.2024,09:00,65.85
4.02.2024,10:00,48.57
4.02.2024,11:00,41.12
4.02.2024,12:00,41.12
4.02.2024,13:00,41.12
4.02.2024,14:00,41.12
4.02.2024,15:00,41.12
4.02.2024,16:00,42.8
4.02.2024,17:00,71.66
4.02.2024,18:00,82.37
4.02.2024,19:00,86.42
4.02.2024,20:00,82.18
4.02.2024,21:00,78.86
4.02.2024,22:00,75.39
4.02.2024,23:00,69.96
5.02.2024,00:00,78.95
5.02.2024,01:00,73.12
5.02.2024,02:00,72.23
5.02.2024,03:00,69.07
5.02.2024,04:00,68.78
5.02.2024,05:00,69.07
5.02.2024,06:00,73.12
5.02.2024,07:00,75.5
5.02.2024,08:00,84.28
5.02.2024,09:00,88.24
5.02.2024,10:00,83.92
5.02.2024,11:00,82.37
5.02.2024,12:00,73.12
5.02.2024,13:00,72.67
5.02.2024,14:00,72.43
5.02.2024,15:00,73.12
5.02.2024,16:00,73.75
5.02.2024,17:00,83.92
5.02.2024,18:00,83.92
5.02.2024,19:00,78.98
5.02.2024,20:00,73.88
5.02.2024,21:00,78.79
5.02.2024,22:00,73.12
5.02.2024,23:00,68.25
6.02.2024,00:00,78.03
6.02.2024,01:00,73.75
6.02.2024,02:00,67.43
6.02.2024,03:00,55.97
6.02.2024,04:00,65.85
6.02.2024,05:00,73.12
6.02.2024,06:00,78.42
6.02.2024,07:00,76.38
6.02.2024,08:00,88.4
6.02.2024,09:00,88.4
6.02.2024,10:00,76.55
6.02.2024,11:00,75.79
6.02.2024,12:00,65.42
6.02.2024,13:00,51.43
6.02.2024,14:00,64.2
6.02.2024,15:00,64.66
6.02.2024,16:00,73.75
6.02.2024,17:00,87.02
6.02.2024,18:00,87.21
6.02.2024,19:00,78.85
6.02.2024,20:00,73.75
6.02.2024,21:00,74.8
6.02.2024,22:00,67.62
6.02.2024,23:00,42.09
7.02.2024,00:00,75.47
7.02.2024,01:00,73.66
7.02.2024,02:00,70.54
7.02.2024,03:00,65.62
7.02.2024,04:00,55.78
7.02.2024,05:00,65.99
7.02.2024,06:00,73.14
7.02.2024,07:00,78.75
7.02.2024,08:00,88.13
7.02.2024,09:00,88.13
7.02.2024,10:00,78.28
7.02.2024,11:00,73.14
7.02.2024,12:00,49.15
7.02.2024,13:00,34.45
7.02.2024,14:00,40.57
7.02.2024,15:00,41.01
7.02.2024,16:00,68.87
7.02.2024,17:00,86.92
7.02.2024,18:00,86.92
7.02.2024,19:00,80.72
7.02.2024,20:00,76.29
7.02.2024,21:00,73.14
7.02.2024,22:00,48.82
7.02.2024,23:00,42.66
8.02.2024,00:00,39.94
8.02.2024,01:00,39.94
8.02.2024,02:00,32.78
8.02.2024,03:00,32.78
8.02.2024,04:00,39.94
8.02.2024,05:00,39.94
8.02.2024,06:00,39.94
8.02.2024,07:00,40.5
8.02.2024,08:00,83.91
8.02.2024,09:00,85.08
8.02.2024,10:00,78.34
8.02.2024,11:00,77.03
8.02.2024,12:00,59
8.02.2024,13:00,45.82
8.02.2024,14:00,49.17
8.02.2024,15:00,65.56
8.02.2024,16:00,70.47
8.02.2024,17:00,65.56
8.02.2024,18:00,73.13
8.02.2024,19:00,73.13
8.02.2024,20:00,73.13
8.02.2024,21:00,71.67
8.02.2024,22:00,52.45
8.02.2024,23:00,42.61
9.02.2024,00:00,73.13
9.02.2024,01:00,71.59
9.02.2024,02:00,70.41
9.02.2024,03:00,70.41
9.02.2024,04:00,73.13
9.02.2024,05:00,73.37
9.02.2024,06:00,78.27
9.02.2024,07:00,76.08
9.02.2024,08:00,88.06
9.02.2024,09:00,88.06
9.02.2024,10:00,78.6
9.02.2024,11:00,78.6
9.02.2024,12:00,67.14
9.02.2024,13:00,48.73
9.02.2024,14:00,65.44
9.02.2024,15:00,71.59
9.02.2024,16:00,70.41
9.02.2024,17:00,78.27
9.02.2024,18:00,84.56
9.02.2024,19:00,79.42
9.02.2024,20:00,77.58
9.02.2024,21:00,77.86
9.02.2024,22:00,75.3
9.02.2024,23:00,72.34
10.02.2024,00:00,62.98
10.02.2024,01:00,48.73
10.02.2024,02:00,45.85
10.02.2024,03:00,39.58
10.02.2024,04:00,39.58
10.02.2024,05:00,39.58
10.02.2024,06:00,39.58
10.02.2024,07:00,52.4
10.02.2024,08:00,73.36
10.02.2024,09:00,66.85
10.02.2024,10:00,32.75
10.02.2024,11:00,32.75
10.02.2024,12:00,32.68
10.02.2024,13:00,29.47
10.02.2024,14:00,29.47
10.02.2024,15:00,32.75
10.02.2024,16:00,39.58
10.02.2024,17:00,45.85
10.02.2024,18:00,73.16
10.02.2024,19:00,73.16
10.02.2024,20:00,52.23
10.02.2024,21:00,39.58
10.02.2024,22:00,39.58
10.02.2024,23:00,39.3
11.02.2024,00:00,39.21
11.02.2024,01:00,32.68
11.02.2024,02:00,32.68
11.02.2024,03:00,32.68
11.02.2024,04:00,32.45
11.02.2024,05:00,32.68
11.02.2024,06:00,39.49
11.02.2024,07:00,48.63
11.02.2024,08:00,32.68
11.02.2024,09:00,3.62
11.02.2024,10:00,1.67
11.02.2024,11:00,0.49
11.02.2024,12:00,0.33
11.02.2024,13:00,0.33
11.02.2024,14:00,0.67
11.02.2024,15:00,3.27
11.02.2024,16:00,11.44
11.02.2024,17:00,25.85
11.02.2024,18:00,48.63
11.02.2024,19:00,65.85
11.02.2024,20:00,47.38
11.02.2024,21:00,39.49
11.02.2024,22:00,29.41
11.02.2024,23:00,30.72
12.02.2024,00:00,16.34
12.02.2024,01:00,16.34
12.02.2024,02:00,16.34
12.02.2024,03:00,16.34
12.02.2024,04:00,16.34
12.02.2024,05:00,29.57
12.02.2024,06:00,19.02
12.02.2024,07:00,32.65
12.02.2024,08:00,76.76
12.02.2024,09:00,85.65
12.02.2024,10:00,76.76
12.02.2024,11:00,66.96
12.02.2024,12:00,39.04
12.02.2024,13:00,39.04
12.02.2024,14:00,45.75
12.02.2024,15:00,65.36
12.02.2024,16:00,70.23
12.02.2024,17:00,77.68
12.02.2024,18:00,79.87
12.02.2024,19:00,75.98
12.02.2024,20:00,73.17
12.02.2024,21:00,65.36
12.02.2024,22:00,39.41
12.02.2024,23:00,39.41
13.02.2024,00:00,59.61
13.02.2024,01:00,49.76
13.02.2024,02:00,48.63
13.02.2024,03:00,42.48
13.02.2024,04:00,42.48
13.02.2024,05:00,65.33
13.02.2024,06:00,68.63
13.02.2024,07:00,73.17
13.02.2024,08:00,81.67
13.02.2024,09:00,83.94
13.02.2024,10:00,76.76
13.02.2024,11:00,75.03
13.02.2024,12:00,65
13.02.2024,13:00,65
13.02.2024,14:00,65.36
13.02.2024,15:00,71.33
13.02.2024,16:00,73.2
13.02.2024,17:00,81.53
13.02.2024,18:00,81.7
13.02.2024,19:00,81.67
13.02.2024,20:00,78.43
13.02.2024,21:00,75.35
13.02.2024,22:00,71.76
13.02.2024,23:00,66.99
14.02.2024,00:00,78.35
14.02.2024,01:00,75.77
14.02.2024,02:00,73.13
14.02.2024,03:00,73.13
14.02.2024,04:00,72.48
14.02.2024,05:00,71.82
14.02.2024,06:00,73.13
14.02.2024,07:00,73.13
14.02.2024,08:00,79.95
14.02.2024,09:00,88.14
14.02.2024,10:00,81.58
14.02.2024,11:00,81.61
14.02.2024,12:00,75.09
14.02.2024,13:00,78.02
14.02.2024,14:00,79.17
14.02.2024,15:00,79.95
14.02.2024,16:00,78.02
14.02.2024,17:00,73.13
14.02.2024,18:00,73.13
14.02.2024,19:00,69.91
14.02.2024,20:00,65.29
14.02.2024,21:00,73.13
14.02.2024,22:00,65.29
14.02.2024,23:00,40.77
15.02.2024,00:00,40.72
15.02.2024,01:00,39.01
15.02.2024,02:00,40.72
15.02.2024,03:00,39.13
15.02.2024,04:00,40.72
15.02.2024,05:00,40.72
15.02.2024,06:00,34.24
15.02.2024,07:00,42.39
15.02.2024,08:00,76.62
15.02.2024,09:00,73.14
15.02.2024,10:00,65.15
15.02.2024,11:00,65.21
15.02.2024,12:00,40.76
15.02.2024,13:00,47.28
15.02.2024,14:00,65.21
15.02.2024,15:00,71.24
15.02.2024,16:00,74.99
15.02.2024,17:00,77.93
15.02.2024,18:00,84.18
15.02.2024,19:00,81.52
15.02.2024,20:00,77.93
15.02.2024,21:00,74.92
15.02.2024,22:00,61.79
15.02.2024,23:00,42.39
16.02.2024,00:00,40.71
16.02.2024,01:00,40.71
16.02.2024,02:00,35.69
16.02.2024,03:00,32.59
16.02.2024,04:00,32.59
16.02.2024,05:00,32.59
16.02.2024,06:00,32.59
16.02.2024,07:00,40.38
16.02.2024,08:00,65.12
16.02.2024,09:00,72.83
16.02.2024,10:00,61.21
16.02.2024,11:00,71.7
16.02.2024,12:00,38.89
16.02.2024,13:00,29.33
16.02.2024,14:00,48.49
16.02.2024,15:00,61.21
16.02.2024,16:00,68.44
16.02.2024,17:00,77.89
16.02.2024,18:00,83.11
16.02.2024,19:00,81.48
16.02.2024,20:00,73.38
16.02.2024,21:00,73
16.02.2024,22:00,61.86
16.02.2024,23:00,40.71
17.02.2024,00:00,40.69
17.02.2024,01:00,53.52
17.02.2024,02:00,40.69
17.02.2024,03:00,40.69
17.02.2024,04:00,38.69
17.02.2024,05:00,40.69
17.02.2024,06:00,38.69
17.02.2024,07:00,48.47
17.02.2024,08:00,40.69
17.02.2024,09:00,48.47
17.02.2024,10:00,40.69
17.02.2024,11:00,42.35
17.02.2024,12:00,40.69
17.02.2024,13:00,40.69
17.02.2024,14:00,40.69
17.02.2024,15:00,39.29
17.02.2024,16:00,38.69
17.02.2024,17:00,48.47
17.02.2024,18:00,77.86
17.02.2024,19:00,81.44
17.02.2024,20:00,74.93
17.02.2024,21:00,71.02
17.02.2024,22:00,64.73
17.02.2024,23:00,40.69
18.02.2024,00:00,65.1
18.02.2024,01:00,48.43
18.02.2024,02:00,40.33
18.02.2024,03:00,48.43
18.02.2024,04:00,42.31
18.02.2024,05:00,48.43
18.02.2024,06:00,64.94
18.02.2024,07:00,40.33
18.02.2024,08:00,37.91
18.02.2024,09:00,40.33
18.02.2024,10:00,42.31
18.02.2024,11:00,40.33
18.02.2024,12:00,39.25
18.02.2024,13:00,37.91
18.02.2024,14:00,32.55
18.02.2024,15:00,26.04
18.02.2024,16:00,40.33
18.02.2024,17:00,65.1
18.02.2024,18:00,81.37
18.02.2024,19:00,86.22
18.02.2024,20:00,78.12
18.02.2024,21:00,65.1
18.02.2024,22:00,61.84
18.02.2024,23:00,58.59
19.02.2024,00:00,69.17
19.02.2024,01:00,65.1
19.02.2024,02:00,37.71
19.02.2024,03:00,37.71
19.02.2024,04:00,37.71
19.02.2024,05:00,37.71
19.02.2024,06:00,37.71
19.02.2024,07:00,58.56
19.02.2024,08:00,78.38
19.02.2024,09:00,83.09
19.02.2024,10:00,72.73
19.02.2024,11:00,74.77
19.02.2024,12:00,63.96
19.02.2024,13:00,65.1
19.02.2024,14:00,68.76
19.02.2024,15:00,72.73
19.02.2024,16:00,74.7
19.02.2024,17:00,81.37
19.02.2024,18:00,84.95
19.02.2024,19:00,83.33
19.02.2024,20:00,77.79
19.02.2024,21:00,77.37
19.02.2024,22:00,73.07
19.02.2024,23:00,71.51
20.02.2024,00:00,74.54
20.02.2024,01:00,73.14
20.02.2024,02:00,66.56
20.02.2024,03:00,64.77
20.02.2024,04:00,50.84
20.02.2024,05:00,65.1
20.02.2024,06:00,71.15
20.02.2024,07:00,77.66
20.02.2024,08:00,86.24
20.02.2024,09:00,85.61
20.02.2024,10:00,72.91
20.02.2024,11:00,73.14
20.02.2024,12:00,42.31
20.02.2024,13:00,47.07
20.02.2024,14:00,60.15
20.02.2024,15:00,70.89
20.02.2024,16:00,66.56
20.02.2024,17:00,83.57
20.02.2024,18:00,87.88
20.02.2024,19:00,87.72
20.02.2024,20:00,84.95
20.02.2024,21:00,77.4
20.02.2024,22:00,74.73
20.02.2024,23:00,72.42
21.02.2024,00:00,74.08
21.02.2024,01:00,72.72
21.02.2024,02:00,64.93
21.02.2024,03:00,62.43
21.02.2024,04:00,53.33
21.02.2024,05:00,64.93
21.02.2024,06:00,71.42
21.02.2024,07:00,74.67
21.02.2024,08:00,86.94
21.02.2024,09:00,84.05
21.02.2024,10:00,60.97
21.02.2024,11:00,64.8
21.02.2024,12:00,46.23
21.02.2024,13:00,59.94
21.02.2024,14:00,63.3
21.02.2024,15:00,64.93
21.02.2024,16:00,71.42
21.02.2024,17:00,83.4
21.02.2024,18:00,87.65
21.02.2024,19:00,86
21.02.2024,20:00,81.22
21.02.2024,21:00,77.76
21.02.2024,22:00,74.67
21.02.2024,23:00,71.45
22.02.2024,00:00,76.11
22.02.2024,01:00,75.26
22.02.2024,02:00,72.64
22.02.2024,03:00,68.1
22.02.2024,04:00,64.85
22.02.2024,05:00,67.88
22.02.2024,06:00,71.34
22.02.2024,07:00,81.07
22.02.2024,08:00,87.55
22.02.2024,09:00,87.55
22.02.2024,10:00,78.71
22.02.2024,11:00,77.5
22.02.2024,12:00,68.1
22.02.2024,13:00,71.25
22.02.2024,14:00,71.34
22.02.2024,15:00,75.79
22.02.2024,16:00,73.25
22.02.2024,17:00,77.82
22.02.2024,18:00,85.9
22.02.2024,19:00,86.08
22.02.2024,20:00,84.31
22.02.2024,21:00,77.82
22.02.2024,22:00,75.8
22.02.2024,23:00,72.64
23.02.2024,00:00,73.5
23.02.2024,01:00,72.84
23.02.2024,02:00,51.76
23.02.2024,03:00,42.06
23.02.2024,04:00,42.06
23.02.2024,05:00,42.06
23.02.2024,06:00,51.76
23.02.2024,07:00,77.65
23.02.2024,08:00,87.35
23.02.2024,09:00,85.6
23.02.2024,10:00,70.75
23.02.2024,11:00,62.22
23.02.2024,12:00,32.35
23.02.2024,13:00,13.3
23.02.2024,14:00,38.68
23.02.2024,15:00,32.35
23.02.2024,16:00,42.06
23.02.2024,17:00,77.32
23.02.2024,18:00,80.88
23.02.2024,19:00,82.82
23.02.2024,20:00,77.65
23.02.2024,21:00,74.32
23.02.2024,22:00,70.76
23.02.2024,23:00,64.7
24.02.2024,00:00,73.13
24.02.2024,01:00,74.29
24.02.2024,02:00,64.6
24.02.2024,03:00,61.37
24.02.2024,04:00,64.6
24.02.2024,05:00,67.04
24.02.2024,06:00,73.13
24.02.2024,07:00,67.83
24.02.2024,08:00,72.36
24.02.2024,09:00,64.6
24.02.2024,10:00,32.3
24.02.2024,11:00,41.99
24.02.2024,12:00,25.84
24.02.2024,13:00,24.23
24.02.2024,14:00,29.07
24.02.2024,15:00,32.3
24.02.2024,16:00,41.99
24.02.2024,17:00,64.6
24.02.2024,18:00,82.69
24.02.2024,19:00,87.21
24.02.2024,20:00,84.13
24.02.2024,21:00,77.28
24.02.2024,22:00,74.2
24.02.2024,23:00,71.06
25.02.2024,00:00,70.51
25.02.2024,01:00,64.51
25.02.2024,02:00,64.51
25.02.2024,03:00,58.83
25.02.2024,04:00,41.93
25.02.2024,05:00,55.32
25.02.2024,06:00,64.51
25.02.2024,07:00,51.88
25.02.2024,08:00,32.25
25.02.2024,09:00,5.92
25.02.2024,10:00,8.87
25.02.2024,11:00,8.87
25.02.2024,12:00,6.45
25.02.2024,13:00,9.68
25.02.2024,14:00,8.87
25.02.2024,15:00,9.68
25.02.2024,16:00,45.15
25.02.2024,17:00,64.51
25.02.2024,18:00,79.52
25.02.2024,19:00,87.08
25.02.2024,20:00,82.57
25.02.2024,21:00,74.15
25.02.2024,22:00,70.45
25.02.2024,23:00,67.7
26.02.2024,00:00,72.25
26.02.2024,01:00,64.51
26.02.2024,02:00,60.57
26.02.2024,03:00,41.93
26.02.2024,04:00,41.93
26.02.2024,05:00,51.61
26.02.2024,06:00,64.42
26.02.2024,07:00,69.31
26.02.2024,08:00,85.44
26.02.2024,09:00,84.66
26.02.2024,10:00,67.73
26.02.2024,11:00,71.81
26.02.2024,12:00,57.73
26.02.2024,13:00,63.22
26.02.2024,14:00,67.73
26.02.2024,15:00,73.02
26.02.2024,16:00,77.03
26.02.2024,17:00,79.02
26.02.2024,18:00,80.5
26.02.2024,19:00,80.63
26.02.2024,20:00,80.5
26.02.2024,21:00,74.77
26.02.2024,22:00,73.02
26.02.2024,23:00,68.36
27.02.2024,00:00,64.51
27.02.2024,01:00,70.96
27.02.2024,02:00,67.73
27.02.2024,03:00,62.89
27.02.2024,04:00,58.06
27.02.2024,05:00,67.73
27.02.2024,06:00,75.03
27.02.2024,07:00,80.5
27.02.2024,08:00,87.08
27.02.2024,09:00,84.66
27.02.2024,10:00,72.23
27.02.2024,11:00,72.23
27.02.2024,12:00,45.15
27.02.2024,13:00,60.57
27.02.2024,14:00,66
27.02.2024,15:00,52.99
27.02.2024,16:00,64.51
27.02.2024,17:00,79.9
27.02.2024,18:00,86.76
27.02.2024,19:00,87.08
27.02.2024,20:00,87.08
27.02.2024,21:00,82.57
27.02.2024,22:00,80.5
27.02.2024,23:00,74.18
28.02.2024,00:00,76.38
28.02.2024,01:00,72.71
28.02.2024,02:00,65.97
28.02.2024,03:00,64.36
28.02.2024,04:00,64.42
28.02.2024,05:00,67.26
28.02.2024,06:00,73.77
28.02.2024,07:00,79.49
28.02.2024,08:00,86.91
28.02.2024,09:00,80.4
28.02.2024,10:00,64.42
28.02.2024,11:00,64.42
28.02.2024,12:00,32.21
28.02.2024,13:00,41.88
28.02.2024,14:00,47.93
28.02.2024,15:00,65.84
28.02.2024,16:00,74.89
28.02.2024,17:00,82.46
28.02.2024,18:00,86.97
28.02.2024,19:00,86.97
28.02.2024,20:00,86.91
28.02.2024,21:00,77.31
28.02.2024,22:00,73.77
28.02.2024,23:00,66
29.02.2024,00:00,77.24
29.02.2024,01:00,73.12
29.02.2024,02:00,74.02
29.02.2024,03:00,73.44
29.02.2024,04:00,69.16
29.02.2024,05:00,70.35
29.02.2024,06:00,77.2
29.02.2024,07:00,80.45
29.02.2024,08:00,86.89
29.02.2024,09:00,85.25
29.02.2024,10:00,69.96
29.02.2024,11:00,65.19
29.02.2024,12:00,32.18
29.02.2024,13:00,40.19
29.02.2024,14:00,41.84
29.02.2024,15:00,47.89
29.02.2024,16:00,40.19
29.02.2024,17:00,70.8
29.02.2024,18:00,86.89
29.02.2024,19:00,86.89
29.02.2024,20:00,86.89
29.02.2024,21:00,78.84
29.02.2024,22:00,75.31
29.02.2024,23:00,73.7
1.03.2024,00:00,73.97
1.03.2024,01:00,72.03
1.03.2024,02:00,67.45
1.03.2024,03:00,67.36
1.03.2024,04:00,64.27
1.03.2024,05:00,64.27
1.03.2024,06:00,73.59
1.03.2024,07:00,77.12
1.03.2024,08:00,86.12
1.03.2024,09:00,73.59
1.03.2024,10:00,41.77
1.03.2024,11:00,51.25
1.03.2024,12:00,40.13
1.03.2024,13:00,31.81
1.03.2024,14:00,46.47
1.03.2024,15:00,61.05
1.03.2024,16:00,67.48
1.03.2024,17:00,73.91
1.03.2024,18:00,77.12
1.03.2024,19:00,82.55
1.03.2024,20:00,80.21
1.03.2024,21:00,73.9
1.03.2024,22:00,71.13
1.03.2024,23:00,64.27
2.03.2024,00:00,58.97
2.03.2024,01:00,59.87
2.03.2024,02:00,70.15
2.03.2024,03:00,71.94
2.03.2024,04:00,73.14
2.03.2024,05:00,73.14
2.03.2024,06:00,76.76
2.03.2024,07:00,73.49
2.03.2024,08:00,77.9
2.03.2024,09:00,72.02
2.03.2024,10:00,68.7
2.03.2024,11:00,63.9
2.03.2024,12:00,40.08
2.03.2024,13:00,40.08
2.03.2024,14:00,41.72
2.03.2024,15:00,47.75
2.03.2024,16:00,64.12
2.03.2024,17:00,73.14
2.03.2024,18:00,79.24
2.03.2024,19:00,85.43
2.03.2024,20:00,82.45
2.03.2024,21:00,73.79
2.03.2024,22:00,71.94
2.03.2024,23:00,70.57
3.03.2024,00:00,72.98
3.03.2024,01:00,70.39
3.03.2024,02:00,70.39
3.03.2024,03:00,72.98
3.03.2024,04:00,72.98
3.03.2024,05:00,72.98
3.03.2024,06:00,74.97
3.03.2024,07:00,72.98
3.03.2024,08:00,72.02
3.03.2024,09:00,69.98
3.03.2024,10:00,35.95
3.03.2024,11:00,18.15
3.03.2024,12:00,31.8
3.03.2024,13:00,32.01
3.03.2024,14:00,32.01
3.03.2024,15:00,32.01
3.03.2024,16:00,32.01
3.03.2024,17:00,72.99
3.03.2024,18:00,73.31
3.03.2024,19:00,86.08
3.03.2024,20:00,84.8
3.03.2024,21:00,73.62
3.03.2024,22:00,68.82
3.03.2024,23:00,68.82
4.03.2024,00:00,70.42
4.03.2024,01:00,71.86
4.03.2024,02:00,72.95
4.03.2024,03:00,70.42
4.03.2024,04:00,67.22
4.03.2024,05:00,71.8
4.03.2024,06:00,72.95
4.03.2024,07:00,73.63
4.03.2024,08:00,86.11
4.03.2024,09:00,83.62
4.03.2024,10:00,74.91
4.03.2024,11:00,76.63
4.03.2024,12:00,67.19
4.03.2024,13:00,70.39
4.03.2024,14:00,63.93
4.03.2024,15:00,67.13
4.03.2024,16:00,72.95
4.03.2024,17:00,81.6
4.03.2024,18:00,84.8
4.03.2024,19:00,86.11
4.03.2024,20:00,86.11
4.03.2024,21:00,80.09
4.03.2024,22:00,72.99
4.03.2024,23:00,69.98
5.03.2024,00:00,76.25
5.03.2024,01:00,72.99
5.03.2024,02:00,68.82
5.03.2024,03:00,70.26
5.03.2024,04:00,64.85
5.03.2024,05:00,64.02
5.03.2024,06:00,73.31
5.03.2024,07:00,72.03
5.03.2024,08:00,84.8
5.03.2024,09:00,80.03
5.03.2024,10:00,51.22
5.03.2024,11:00,67.22
5.03.2024,12:00,46.42
5.03.2024,13:00,63.38
5.03.2024,14:00,73.31
5.03.2024,15:00,79.9
5.03.2024,16:00,67.22
5.03.2024,17:00,73.31
5.03.2024,18:00,76.51
5.03.2024,19:00,84.76
5.03.2024,20:00,80.03
5.03.2024,21:00,73.56
5.03.2024,22:00,70.26
5.03.2024,23:00,72.63
6.03.2024,00:00,70.01
6.03.2024,01:00,63.65
6.03.2024,02:00,71.64
6.03.2024,03:00,69.6
6.03.2024,04:00,50.94
6.03.2024,05:00,70.05
6.03.2024,06:00,79.18
6.03.2024,07:00,76.42
6.03.2024,08:00,84.34
6.03.2024,09:00,85.65
6.03.2024,10:00,85.01
6.03.2024,11:00,85.01
6.03.2024,12:00,77.19
6.03.2024,13:00,78.01
6.03.2024,14:00,81.51
6.03.2024,15:00,79.42
6.03.2024,16:00,78.54
6.03.2024,17:00,81.19
6.03.2024,18:00,81.51
6.03.2024,19:00,85.17
6.03.2024,20:00,85.17
6.03.2024,21:00,83.45
6.03.2024,22:00,79.6
6.03.2024,23:00,76.42
7.03.2024,00:00,75.34
7.03.2024,01:00,71.9
7.03.2024,02:00,71.9
7.03.2024,03:00,72.59
7.03.2024,04:00,71.9
7.03.2024,05:00,72.05
7.03.2024,06:00,76.71
7.03.2024,07:00,77.61
7.03.2024,08:00,85.27
7.03.2024,09:00,85.27
7.03.2024,10:00,76.02
7.03.2024,11:00,76.15
7.03.2024,12:00,50.56
7.03.2024,13:00,60.35
7.03.2024,14:00,72.05
7.03.2024,15:00,72.05
7.03.2024,16:00,74.24
7.03.2024,17:00,83.69
7.03.2024,18:00,84.64
7.03.2024,19:00,85.27
7.03.2024,20:00,85.27
7.03.2024,21:00,84.64
7.03.2024,22:00,75.76
7.03.2024,23:00,74.4
8.03.2024,00:00,72.23
8.03.2024,01:00,69.49
8.03.2024,02:00,70.21
8.03.2024,03:00,67.18
8.03.2024,04:00,69.04
8.03.2024,05:00,69.42
8.03.2024,06:00,75.8
8.03.2024,07:00,78.83
8.03.2024,08:00,84.96
8.03.2024,09:00,83.7
8.03.2024,10:00,75.77
8.03.2024,11:00,73.43
8.03.2024,12:00,65.92
8.03.2024,13:00,45.8
8.03.2024,14:00,71.61
8.03.2024,15:00,71.61
8.03.2024,16:00,75.58
8.03.2024,17:00,80.86
8.03.2024,18:00,69.42
8.03.2024,19:00,80.86
8.03.2024,20:00,81.89
8.03.2024,21:00,74.42
8.03.2024,22:00,75.01
8.03.2024,23:00,73.02
9.03.2024,00:00,71.63
9.03.2024,01:00,66.9
9.03.2024,02:00,68.89
9.03.2024,03:00,69.17
9.03.2024,04:00,68.89
9.03.2024,05:00,69.23
9.03.2024,06:00,76.31
9.03.2024,07:00,62.88
9.03.2024,08:00,80.56
9.03.2024,09:00,83.36
9.03.2024,10:00,80.22
9.03.2024,11:00,75.21
9.03.2024,12:00,66.87
9.03.2024,13:00,65.74
9.03.2024,14:00,61.33
9.03.2024,15:00,68.79
9.03.2024,16:00,59.63
9.03.2024,17:00,72.34
9.03.2024,18:00,83.36
9.03.2024,19:00,84.65
9.03.2024,20:00,84.02
9.03.2024,21:00,82.48
9.03.2024,22:00,72.34
9.03.2024,23:00,71.82
10.03.2024,00:00,73.76
10.03.2024,01:00,69.05
10.03.2024,02:00,67.87
10.03.2024,03:00,68.99
10.03.2024,04:00,69.27
10.03.2024,05:00,72.19
10.03.2024,06:00,75.23
10.03.2024,07:00,68.99
10.03.2024,08:00,69.75
10.03.2024,09:00,69.54
10.03.2024,10:00,45.24
10.03.2024,11:00,35.92
10.03.2024,12:00,24.48
10.03.2024,13:00,23.54
10.03.2024,14:00,28.97
10.03.2024,15:00,31.39
10.03.2024,16:00,62.77
10.03.2024,17:00,80
10.03.2024,18:00,84.71
10.03.2024,19:00,84.74
10.03.2024,20:00,84.74
10.03.2024,21:00,83.17
10.03.2024,22:00,73.41
10.03.2024,23:00,71.53
11.03.2024,00:00,75.64
11.03.2024,01:00,62.77
11.03.2024,02:00,68.99
11.03.2024,03:00,72.12
11.03.2024,04:00,74.98
11.03.2024,05:00,73.65
11.03.2024,06:00,74.98
11.03.2024,07:00,73
11.03.2024,08:00,84.4
11.03.2024,09:00,82.26
11.03.2024,10:00,72.97
11.03.2024,11:00,75.32
11.03.2024,12:00,45.51
11.03.2024,13:00,45.51
11.03.2024,14:00,62.77
11.03.2024,15:00,73
11.03.2024,16:00,70.47
11.03.2024,17:00,81.35
11.03.2024,18:00,84.74
11.03.2024,19:00,84.34
11.03.2024,20:00,84.71
11.03.2024,21:00,80.79
11.03.2024,22:00,70.62
11.03.2024,23:00,67.62
12.03.2024,00:00,76.86
12.03.2024,01:00,68.71
12.03.2024,02:00,62.77
12.03.2024,03:00,70.53
12.03.2024,04:00,76.24
12.03.2024,05:00,75.33
12.03.2024,06:00,76.86
12.03.2024,07:00,64.03
12.03.2024,08:00,84.74
12.03.2024,09:00,73
12.03.2024,10:00,45.51
12.03.2024,11:00,38.92
12.03.2024,12:00,15.69
12.03.2024,13:00,23.54
12.03.2024,14:00,33.17
12.03.2024,15:00,31.39
12.03.2024,16:00,45.51
12.03.2024,17:00,74.86
12.03.2024,18:00,82.03
12.03.2024,19:00,76.89
12.03.2024,20:00,79.15
12.03.2024,21:00,74.98
12.03.2024,22:00,63.56
12.03.2024,23:00,45.51
13.03.2024,00:00,55.58
13.03.2024,01:00,52.76
13.03.2024,02:00,62.56
13.03.2024,03:00,62.62
13.03.2024,04:00,62.17
13.03.2024,05:00,72.99
13.03.2024,06:00,68.82
13.03.2024,07:00,72.67
13.03.2024,08:00,83.35
13.03.2024,09:00,81.06
13.03.2024,10:00,72.86
13.03.2024,11:00,70.29
13.03.2024,12:00,56.36
13.03.2024,13:00,67.63
13.03.2024,14:00,75.15
13.03.2024,15:00,82.94
13.03.2024,16:00,81.41
13.03.2024,17:00,84.54
13.03.2024,18:00,84.54
13.03.2024,19:00,84.54
13.03.2024,20:00,84.54
13.03.2024,21:00,84.54
13.03.2024,22:00,81.33
13.03.2024,23:00,78.15
14.03.2024,00:00,83.22
14.03.2024,01:00,81.29
14.03.2024,02:00,80.04
14.03.2024,03:00,84.07
14.03.2024,04:00,84.41
14.03.2024,05:00,84.41
14.03.2024,06:00,84.41
14.03.2024,07:00,84.38
14.03.2024,08:00,84.41
14.03.2024,09:00,84.38
14.03.2024,10:00,78.03
14.03.2024,11:00,72.69
14.03.2024,12:00,62.44
14.03.2024,13:00,67.03
14.03.2024,14:00,70.6
14.03.2024,15:00,74.72
14.03.2024,16:00,79.69
14.03.2024,17:00,84.41
14.03.2024,18:00,84.41
14.03.2024,19:00,84.41
14.03.2024,20:00,84.41
14.03.2024,21:00,84.41
14.03.2024,22:00,84.04
14.03.2024,23:00,79.72
15.03.2024,00:00,71.58
15.03.2024,01:00,62.36
15.03.2024,02:00,62.24
15.03.2024,03:00,65.51
15.03.2024,04:00,77.47
15.03.2024,05:00,78.09
15.03.2024,06:00,74.76
15.03.2024,07:00,71.23
15.03.2024,08:00,84.27
15.03.2024,09:00,84.27
15.03.2024,10:00,82.65
15.03.2024,11:00,78.79
15.03.2024,12:00,65.54
15.03.2024,13:00,65.54
15.03.2024,14:00,76.47
15.03.2024,15:00,79.56
15.03.2024,16:00,78.79
15.03.2024,17:00,84.24
15.03.2024,18:00,84.27
15.03.2024,19:00,84.27
15.03.2024,20:00,84.27
15.03.2024,21:00,84.24
15.03.2024,22:00,77.73
15.03.2024,23:00,73.79
16.03.2024,00:00,81.87
16.03.2024,01:00,77.85
16.03.2024,02:00,76.53
16.03.2024,03:00,76.68
16.03.2024,04:00,83.02
16.03.2024,05:00,83.27
16.03.2024,06:00,77.85
16.03.2024,07:00,71.52
16.03.2024,08:00,79.84
16.03.2024,09:00,71.52
16.03.2024,10:00,54.58
16.03.2024,11:00,62.32
16.03.2024,12:00,45.22
16.03.2024,13:00,45.22
16.03.2024,14:00,56.76
16.03.2024,15:00,59.17
16.03.2024,16:00,49.9
16.03.2024,17:00,77.85
16.03.2024,18:00,84.21
16.03.2024,19:00,84.21
16.03.2024,20:00,84.21
16.03.2024,21:00,84.21
16.03.2024,22:00,75.64
16.03.2024,23:00,75.64
17.03.2024,00:00,73.88
17.03.2024,01:00,71.39
17.03.2024,02:00,70.16
17.03.2024,03:00,74.72
17.03.2024,04:00,76.5
17.03.2024,05:00,74.72
17.03.2024,06:00,76.27
17.03.2024,07:00,71.39
17.03.2024,08:00,46.7
17.03.2024,09:00,33.36
17.03.2024,10:00,31.13
17.03.2024,11:00,23.35
17.03.2024,12:00,8.59
17.03.2024,13:00,19.46
17.03.2024,14:00,31.36
17.03.2024,15:00,46.7
17.03.2024,16:00,49.81
17.03.2024,17:00,72.38
17.03.2024,18:00,79.7
17.03.2024,19:00,82.47
17.03.2024,20:00,84.05
17.03.2024,21:00,77.71
17.03.2024,22:00,63.79
17.03.2024,23:00,70.48
18.03.2024,00:00,54.48
18.03.2024,01:00,62.26
18.03.2024,02:00,62.26
18.03.2024,03:00,74.72
18.03.2024,04:00,77.71
18.03.2024,05:00,77.7
18.03.2024,06:00,74.72
18.03.2024,07:00,73.94
18.03.2024,08:00,84.06
18.03.2024,09:00,79.7
18.03.2024,10:00,73
18.03.2024,11:00,54.48
18.03.2024,12:00,62.21
18.03.2024,13:00,74.44
18.03.2024,14:00,72.46
18.03.2024,15:00,76.27
18.03.2024,16:00,77.7
18.03.2024,17:00,83.9
18.03.2024,18:00,84.06
18.03.2024,19:00,84.06
18.03.2024,20:00,84.06
18.03.2024,21:00,83.12
18.03.2024,22:00,71.59
18.03.2024,23:00,69.19
19.03.2024,00:00,70.16
19.03.2024,01:00,69.86
19.03.2024,02:00,69.18
19.03.2024,03:00,71.67
19.03.2024,04:00,74.72
19.03.2024,05:00,74.72
19.03.2024,06:00,76.24
19.03.2024,07:00,62.26
19.03.2024,08:00,83.9
19.03.2024,09:00,79.7
19.03.2024,10:00,62.26
19.03.2024,11:00,73
19.03.2024,12:00,61.85
19.03.2024,13:00,65.28
19.03.2024,14:00,66.16
19.03.2024,15:00,71.6
19.03.2024,16:00,63.79
19.03.2024,17:00,82.47
19.03.2024,18:00,84.06
19.03.2024,19:00,84.06
19.03.2024,20:00,84.06
19.03.2024,21:00,77.7
19.03.2024,22:00,69.18
19.03.2024,23:00,68.84
20.03.2024,00:00,74.43
20.03.2024,01:00,69.52
20.03.2024,02:00,61.95
20.03.2024,03:00,67.3
20.03.2024,04:00,69.47
20.03.2024,05:00,61.95
20.03.2024,06:00,63.27
20.03.2024,07:00,61.95
20.03.2024,08:00,82.15
20.03.2024,09:00,79.08
20.03.2024,10:00,69.47
20.03.2024,11:00,62.03
20.03.2024,12:00,49.62
20.03.2024,13:00,65.9
20.03.2024,14:00,74.43
20.03.2024,15:00,83.73
20.03.2024,16:00,79.76
20.03.2024,17:00,79.39
20.03.2024,18:00,83.73
20.03.2024,19:00,71.02
20.03.2024,20:00,82.17
20.03.2024,21:00,74.4
20.03.2024,22:00,68.47
20.03.2024,23:00,68.94
21.03.2024,00:00,61.96
21.03.2024,01:00,67.3
21.03.2024,02:00,65.45
21.03.2024,03:00,63.48
21.03.2024,04:00,71.25
21.03.2024,05:00,74.35
21.03.2024,06:00,74.35
21.03.2024,07:00,68.66
21.03.2024,08:00,80.52
21.03.2024,09:00,83.65
21.03.2024,10:00,78.22
21.03.2024,11:00,77.04
21.03.2024,12:00,67.98
21.03.2024,13:00,68.16
21.03.2024,14:00,71.6
21.03.2024,15:00,71.25
21.03.2024,16:00,61.09
21.03.2024,17:00,72.8
21.03.2024,18:00,83.15
21.03.2024,19:00,82.07
21.03.2024,20:00,83.65
21.03.2024,21:00,83.65
21.03.2024,22:00,74.35
21.03.2024,23:00,74.35
22.03.2024,00:00,82.59
22.03.2024,01:00,80.42
22.03.2024,02:00,75.01
22.03.2024,03:00,74.14
22.03.2024,04:00,74.24
22.03.2024,05:00,68.02
22.03.2024,06:00,68.02
22.03.2024,07:00,62.95
22.03.2024,08:00,79.18
22.03.2024,09:00,76.99
22.03.2024,10:00,74.2
22.03.2024,11:00,74.2
22.03.2024,12:00,63.35
22.03.2024,13:00,44.85
22.03.2024,14:00,70.83
22.03.2024,15:00,70.83
22.03.2024,16:00,73.03
22.03.2024,17:00,83
22.03.2024,18:00,83.52
22.03.2024,19:00,83.52
22.03.2024,20:00,83.52
22.03.2024,21:00,83.52
22.03.2024,22:00,74.14
22.03.2024,23:00,72.17
23.03.2024,00:00,72.99
23.03.2024,01:00,72.98
23.03.2024,02:00,60.32
23.03.2024,03:00,69.64
23.03.2024,04:00,73.57
23.03.2024,05:00,74.28
23.03.2024,06:00,74.62
23.03.2024,07:00,71
23.03.2024,08:00,74.83
23.03.2024,09:00,73.07
23.03.2024,10:00,69.48
23.03.2024,11:00,67.9
23.03.2024,12:00,62.36
23.03.2024,13:00,64.81
23.03.2024,14:00,59.32
23.03.2024,15:00,67.9
23.03.2024,16:00,68.09
23.03.2024,17:00,77.28
23.03.2024,18:00,83.56
23.03.2024,19:00,83.56
23.03.2024,20:00,83.56
23.03.2024,21:00,83.56
23.03.2024,22:00,76.82
23.03.2024,23:00,74.09
24.03.2024,00:00,84.46
24.03.2024,01:00,82.83
24.03.2024,02:00,75.08
24.03.2024,03:00,75.08
24.03.2024,04:00,79.74
24.03.2024,05:00,75.86
24.03.2024,06:00,75.86
24.03.2024,07:00,63.03
24.03.2024,08:00,28.15
24.03.2024,09:00,14.08
24.03.2024,10:00,6.26
24.03.2024,11:00,3.24
24.03.2024,12:00,2.87
24.03.2024,13:00,3.13
24.03.2024,14:00,2.53
24.03.2024,15:00,3.44
24.03.2024,16:00,24.4
24.03.2024,17:00,72.71
24.03.2024,18:00,84.46
24.03.2024,19:00,84.46
24.03.2024,20:00,84.46
24.03.2024,21:00,73.54
24.03.2024,22:00,68.82
24.03.2024,23:00,68.82
25.03.2024,00:00,75.04
25.03.2024,01:00,70.62
25.03.2024,02:00,46.72
25.03.2024,03:00,46.72
25.03.2024,04:00,47.32
25.03.2024,05:00,46.72
25.03.2024,06:00,50.05
25.03.2024,07:00,37.44
25.03.2024,08:00,76.64
25.03.2024,09:00,75.01
25.03.2024,10:00,54.74
25.03.2024,11:00,46.92
25.03.2024,12:00,27.02
25.03.2024,13:00,39.07
25.03.2024,14:00,68.37
25.03.2024,15:00,73.34
25.03.2024,16:00,69.51
25.03.2024,17:00,73.51
25.03.2024,18:00,84.46
25.03.2024,19:00,84.46
25.03.2024,20:00,84.46
25.03.2024,21:00,84.46
25.03.2024,22:00,82.74
25.03.2024,23:00,78.2
26.03.2024,00:00,81.19
26.03.2024,01:00,75.08
26.03.2024,02:00,72.32
26.03.2024,03:00,72.32
26.03.2024,04:00,74.58
26.03.2024,05:00,74.77
26.03.2024,06:00,76.64
26.03.2024,07:00,72.32
26.03.2024,08:00,81.3
26.03.2024,09:00,79.64
26.03.2024,10:00,68.07
26.03.2024,11:00,71.39
26.03.2024,12:00,46.72
26.03.2024,13:00,59.06
26.03.2024,14:00,62.56
26.03.2024,15:00,72.32
26.03.2024,16:00,62.56
26.03.2024,17:00,77.95
26.03.2024,18:00,84.46
26.03.2024,19:00,84.46
26.03.2024,20:00,84.46
26.03.2024,21:00,84.46
26.03.2024,22:00,75.08
26.03.2024,23:00,71.55
27.03.2024,00:00,79.51
27.03.2024,01:00,74.86
27.03.2024,02:00,71.74
27.03.2024,03:00,71.43
27.03.2024,04:00,71.93
27.03.2024,05:00,71.43
27.03.2024,06:00,55.37
27.03.2024,07:00,69.79
27.03.2024,08:00,79.51
27.03.2024,09:00,79.51
27.03.2024,10:00,72.96
27.03.2024,11:00,72.96
27.03.2024,12:00,46.59
27.03.2024,13:00,50.07
27.03.2024,14:00,71.71
27.03.2024,15:00,71.66
27.03.2024,16:00,74.16
27.03.2024,17:00,82.66
27.03.2024,18:00,84.22
27.03.2024,19:00,81.27
27.03.2024,20:00,83.82
27.03.2024,21:00,74.86
27.03.2024,22:00,68.56
27.03.2024,23:00,71.18
28.03.2024,00:00,73.02
28.03.2024,01:00,68.07
28.03.2024,02:00,62.3
28.03.2024,03:00,59.1
28.03.2024,04:00,73.02
28.03.2024,05:00,74.11
28.03.2024,06:00,69.94
28.03.2024,07:00,54.52
28.03.2024,08:00,73.02
28.03.2024,09:00,54.52
28.03.2024,10:00,32.71
28.03.2024,11:00,31.15
28.03.2024,12:00,15.58
28.03.2024,13:00,31.15
28.03.2024,14:00,54.2
28.03.2024,15:00,54.52
28.03.2024,16:00,62.3
28.03.2024,17:00,65.77
28.03.2024,18:00,77.87
28.03.2024,19:00,74.54
28.03.2024,20:00,84.11
28.03.2024,21:00,78.66
28.03.2024,22:00,69.72
28.03.2024,23:00,54.52
29.03.2024,00:00,74.07
29.03.2024,01:00,74.61
29.03.2024,02:00,73.72
29.03.2024,03:00,74.62
29.03.2024,04:00,74.12
29.03.2024,05:00,74.62
29.03.2024,06:00,69.32
29.03.2024,07:00,68.4
29.03.2024,08:00,79.25
29.03.2024,09:00,73
29.03.2024,10:00,70.64
29.03.2024,11:00,72.84
29.03.2024,12:00,54.41
29.03.2024,13:00,44.96
29.03.2024,14:00,71.2
29.03.2024,15:00,69.91
29.03.2024,16:00,71.51
29.03.2024,17:00,73
29.03.2024,18:00,81.61
29.03.2024,19:00,76.17
29.03.2024,20:00,83.94
29.03.2024,21:00,77.72
29.03.2024,22:00,72.84
29.03.2024,23:00,72.84
30.03.2024,00:00,74.4
30.03.2024,01:00,72.61
30.03.2024,02:00,74.4
30.03.2024,03:00,80.6
30.03.2024,04:00,82.11
30.03.2024,05:00,82.12
30.03.2024,06:00,73.62
30.03.2024,07:00,73
30.03.2024,08:00,73
30.03.2024,09:00,46.5
30.03.2024,10:00,39.47
30.03.2024,11:00,31
30.03.2024,12:00,23.42
30.03.2024,13:00,31
30.03.2024,14:00,40.3
30.03.2024,15:00,31
30.03.2024,16:00,46.3
30.03.2024,17:00,73.62
30.03.2024,18:00,83.7
30.03.2024,19:00,83.7
30.03.2024,20:00,83.7
30.03.2024,21:00,83.7
30.03.2024,22:00,74.4
30.03.2024,23:00,73
31.03.2024,00:00,82.08
31.03.2024,01:00,73.53
31.03.2024,02:00,68.08
31.03.2024,03:00,62.26
31.03.2024,04:00,63.19
31.03.2024,05:00,68.08
31.03.2024,06:00,72.14
31.03.2024,07:00,20.13
31.03.2024,08:00,1.55
31.03.2024,09:00,0.31
31.03.2024,10:00,0.09
31.03.2024,11:00,0
31.03.2024,12:00,0
31.03.2024,13:00,0
31.03.2024,14:00,0.31
31.03.2024,15:00,0.45
31.03.2024,16:00,3.1
31.03.2024,17:00,30.97
31.03.2024,18:00,75.11
31.03.2024,19:00,77.42
31.03.2024,20:00,78.95
31.03.2024,21:00,72.68
31.03.2024,22:00,46.46
31.03.2024,23:00,46.46
1.04.2024,00:00,69.69
1.04.2024,01:00,61.95
1.04.2024,02:00,46.46
1.04.2024,03:00,53.89
1.04.2024,04:00,57.27
1.04.2024,05:00,57.27
1.04.2024,06:00,61.67
1.04.2024,07:00,57.27
1.04.2024,08:00,78.75
1.04.2024,09:00,73
1.04.2024,10:00,57.3
1.04.2024,11:00,46.46
1.04.2024,12:00,30.97
1.04.2024,13:00,44.91
1.04.2024,14:00,62.41
1.04.2024,15:00,71.44
1.04.2024,16:00,72.48
1.04.2024,17:00,78.75
1.04.2024,18:00,83.16
1.04.2024,19:00,82.45
1.04.2024,20:00,83.16
1.04.2024,21:00,78.21
1.04.2024,22:00,71.24
1.04.2024,23:00,57.27
2.04.2024,00:00,77.37
2.04.2024,01:00,71.21
2.04.2024,02:00,61.95
2.04.2024,03:00,68.14
2.04.2024,04:00,71.19
2.04.2024,05:00,77.37
2.04.2024,06:00,71.24
2.04.2024,07:00,61.95
2.04.2024,08:00,53.89
2.04.2024,09:00,44.65
2.04.2024,10:00,40.27
2.04.2024,11:00,30.97
2.04.2024,12:00,15.49
2.04.2024,13:00,27.88
2.04.2024,14:00,39.48
2.04.2024,15:00,30.97
2.04.2024,16:00,44.65
2.04.2024,17:00,71.24
2.04.2024,18:00,77.37
2.04.2024,19:00,80.5
2.04.2024,20:00,82.08
2.04.2024,21:00,75.02
2.04.2024,22:00,72.79
2.04.2024,23:00,68.85
3.04.2024,00:00,77.25
3.04.2024,01:00,74.17
3.04.2024,02:00,60.82
3.04.2024,03:00,61.81
3.04.2024,04:00,72.59
3.04.2024,05:00,71.73
3.04.2024,06:00,74.12
3.04.2024,07:00,53.78
3.04.2024,08:00,74.17
3.04.2024,09:00,64.9
3.04.2024,10:00,44.55
3.04.2024,11:00,44.55
3.04.2024,12:00,30.91
3.04.2024,13:00,44.55
3.04.2024,14:00,44.55
3.04.2024,15:00,44.81
3.04.2024,16:00,44.55
3.04.2024,17:00,71.28
3.04.2024,18:00,80.35
3.04.2024,19:00,75.72
3.04.2024,20:00,82.27
3.04.2024,21:00,77.33
3.04.2024,22:00,72.59
3.04.2024,23:00,69.27
4.04.2024,00:00,74.72
4.04.2024,01:00,72.36
4.04.2024,02:00,62.25
4.04.2024,03:00,71.58
4.04.2024,04:00,66.9
4.04.2024,05:00,71.27
4.04.2024,06:00,70.03
4.04.2024,07:00,54.47
4.04.2024,08:00,75.54
4.04.2024,09:00,71.27
4.04.2024,10:00,68.35
4.04.2024,11:00,60.69
4.04.2024,12:00,32.43
4.04.2024,13:00,44.86
4.04.2024,14:00,41.27
4.04.2024,15:00,40.46
4.04.2024,16:00,64.64
4.04.2024,17:00,73.05
4.04.2024,18:00,79.88
4.04.2024,19:00,77.78
4.04.2024,20:00,82.35
4.04.2024,21:00,74.7
4.04.2024,22:00,62.59
4.04.2024,23:00,54.47
5.04.2024,00:00,81.33
5.04.2024,01:00,72.01
5.04.2024,02:00,62.57
5.04.2024,03:00,62.57
5.04.2024,04:00,62.57
5.04.2024,05:00,64.12
5.04.2024,06:00,68.87
5.04.2024,07:00,62.57
5.04.2024,08:00,75.14
5.04.2024,09:00,61.29
5.04.2024,10:00,45.05
5.04.2024,11:00,53.23
5.04.2024,12:00,31.31
5.04.2024,13:00,15.65
5.04.2024,14:00,45.05
5.04.2024,15:00,32.87
5.04.2024,16:00,54.79
5.04.2024,17:00,62.57
5.04.2024,18:00,75.11
5.04.2024,19:00,79.81
5.04.2024,20:00,81.37
5.04.2024,21:00,75.14
5.04.2024,22:00,73.48
5.04.2024,23:00,72.49
6.04.2024,00:00,72.59
6.04.2024,01:00,69.03
6.04.2024,02:00,62.81
6.04.2024,03:00,59.67
6.04.2024,04:00,65.92
6.04.2024,05:00,67.49
6.04.2024,06:00,75.53
6.04.2024,07:00,67.51
6.04.2024,08:00,67.49
6.04.2024,09:00,65.92
6.04.2024,10:00,45.19
6.04.2024,11:00,31.41
6.04.2024,12:00,15.7
6.04.2024,13:00,19.19
6.04.2024,14:00,31.41
6.04.2024,15:00,15.7
6.04.2024,16:00,23.56
6.04.2024,17:00,69.09
6.04.2024,18:00,75.06
6.04.2024,19:00,76.16
6.04.2024,20:00,84.45
6.04.2024,21:00,82.32
6.04.2024,22:00,75.38
6.04.2024,23:00,72.21
7.04.2024,00:00,74.87
7.04.2024,01:00,70.27
7.04.2024,02:00,64.22
7.04.2024,03:00,67.26
7.04.2024,04:00,72.05
7.04.2024,05:00,74.87
7.04.2024,06:00,76.04
7.04.2024,07:00,62.65
7.04.2024,08:00,15.66
7.04.2024,09:00,14.01
7.04.2024,10:00,7.83
7.04.2024,11:00,4.48
7.04.2024,12:00,3.13
7.04.2024,13:00,1.76
7.04.2024,14:00,1.6
7.04.2024,15:00,2.54
7.04.2024,16:00,4.07
7.04.2024,17:00,23.5
7.04.2024,18:00,61.9
7.04.2024,19:00,73.59
7.04.2024,20:00,68.92
7.04.2024,21:00,57.23
7.04.2024,22:00,40.73
7.04.2024,23:00,29.23
8.04.2024,00:00,62.65
8.04.2024,01:00,46.99
8.04.2024,02:00,37.58
8.04.2024,03:00,31.33
8.04.2024,04:00,45.08
8.04.2024,05:00,45.08
8.04.2024,06:00,31.33
8.04.2024,07:00,18.8
8.04.2024,08:00,45.08
8.04.2024,09:00,45.08
8.04.2024,10:00,31.33
8.04.2024,11:00,15.66
8.04.2024,12:00,4.07
8.04.2024,13:00,8.42
8.04.2024,14:00,31.33
8.04.2024,15:00,45.42
8.04.2024,16:00,72.02
8.04.2024,17:00,78.07
8.04.2024,18:00,82.11
8.04.2024,19:00,83.71
8.04.2024,20:00,82.7
8.04.2024,21:00,78.07
8.04.2024,22:00,73.53
8.04.2024,23:00,72.05
9.04.2024,00:00,75.19
9.04.2024,01:00,71.39
9.04.2024,02:00,45.3
9.04.2024,03:00,45.3
9.04.2024,04:00,54.82
9.04.2024,05:00,45.3
9.04.2024,06:00,37.57
9.04.2024,07:00,15.66
9.04.2024,08:00,15.65
9.04.2024,09:00,9.4
9.04.2024,10:00,4.7
9.04.2024,11:00,4.16
9.04.2024,12:00,3.47
9.04.2024,13:00,3.49
9.04.2024,14:00,4.23
9.04.2024,15:00,4.79
9.04.2024,16:00,7.83
9.04.2024,17:00,31.33
9.04.2024,18:00,64.22
9.04.2024,19:00,73.31
9.04.2024,20:00,78.32
9.04.2024,21:00,74.87
9.04.2024,22:00,45.3
9.04.2024,23:00,45.3
10.04.2024,00:00,62.49
10.04.2024,01:00,65.61
10.04.2024,02:00,62.49
10.04.2024,03:00,51.55
10.04.2024,04:00,45.18
10.04.2024,05:00,45.18
10.04.2024,06:00,54.68
10.04.2024,07:00,37.46
10.04.2024,08:00,30.9
10.04.2024,09:00,5.58
10.04.2024,10:00,3.48
10.04.2024,11:00,2.34
10.04.2024,12:00,1.03
10.04.2024,13:00,0.54
10.04.2024,14:00,0.51
10.04.2024,15:00,1.22
10.04.2024,16:00,3.59
10.04.2024,17:00,37.46
10.04.2024,18:00,67.96
10.04.2024,19:00,78.89
10.04.2024,20:00,78.89
10.04.2024,21:00,65.61
10.04.2024,22:00,45.18
10.04.2024,23:00,45.18
11.04.2024,00:00,69.64
11.04.2024,01:00,45.18
11.04.2024,02:00,40.62
11.04.2024,03:00,40.62
11.04.2024,04:00,44.4
11.04.2024,05:00,35.84
11.04.2024,06:00,15.62
11.04.2024,07:00,3.44
11.04.2024,08:00,1.56
11.04.2024,09:00,1.46
11.04.2024,10:00,0.76
11.04.2024,11:00,0.47
11.04.2024,12:00,0.38
11.04.2024,13:00,0.52
11.04.2024,14:00,0.79
11.04.2024,15:00,1.25
11.04.2024,16:00,3.09
11.04.2024,17:00,7.78
11.04.2024,18:00,43.73
11.04.2024,19:00,45.27
11.04.2024,20:00,74.67
11.04.2024,21:00,65.58
11.04.2024,22:00,45.18
11.04.2024,23:00,45.18
12.04.2024,00:00,8.34
12.04.2024,01:00,7.81
12.04.2024,02:00,4.69
12.04.2024,03:00,3.12
12.04.2024,04:00,2.34
12.04.2024,05:00,3.46
12.04.2024,06:00,4.42
12.04.2024,07:00,3.12
12.04.2024,08:00,0.44
12.04.2024,09:00,0.16
12.04.2024,10:00,0.16
12.04.2024,11:00,0.03
12.04.2024,12:00,0
12.04.2024,13:00,0.12
12.04.2024,14:00,0.14
12.04.2024,15:00,0.31
12.04.2024,16:00,0.69
12.04.2024,17:00,3.48
12.04.2024,18:00,7.81
12.04.2024,19:00,54.61
12.04.2024,20:00,68.67
12.04.2024,21:00,59.05
12.04.2024,22:00,36.49
12.04.2024,23:00,15.62
13.04.2024,00:00,59.33
13.04.2024,01:00,45.18
13.04.2024,02:00,37.68
13.04.2024,03:00,15.62
13.04.2024,04:00,15.62
13.04.2024,05:00,37.68
13.04.2024,06:00,45.18
13.04.2024,07:00,30.62
13.04.2024,08:00,3.48
13.04.2024,09:00,2.34
13.04.2024,10:00,0.91
13.04.2024,11:00,0.31
13.04.2024,12:00,0.31
13.04.2024,13:00,0.31
13.04.2024,14:00,0.31
13.04.2024,15:00,0.31
13.04.2024,16:00,0.77
13.04.2024,17:00,7.78
13.04.2024,18:00,45.18
13.04.2024,19:00,80.82
13.04.2024,20:00,83.48
13.04.2024,21:00,78.11
13.04.2024,22:00,56.21
13.04.2024,23:00,54.68
14.04.2024,00:00,66.39
14.04.2024,01:00,50.99
14.04.2024,02:00,30.62
14.04.2024,03:00,8.59
14.04.2024,04:00,15.62
14.04.2024,05:00,45.18
14.04.2024,06:00,39.06
14.04.2024,07:00,3.91
14.04.2024,08:00,1.56
14.04.2024,09:00,0.47
14.04.2024,10:00,0.31
14.04.2024,11:00,0.31
14.04.2024,12:00,0.31
14.04.2024,13:00,0.31
14.04.2024,14:00,0.31
14.04.2024,15:00,0.31
14.04.2024,16:00,0.62
14.04.2024,17:00,24.37
14.04.2024,18:00,56.24
14.04.2024,19:00,83.42
14.04.2024,20:00,84.36
14.04.2024,21:00,83.48
14.04.2024,22:00,71.86
14.04.2024,23:00,74.36
15.04.2024,00:00,67.16
15.04.2024,01:00,65.52
15.04.2024,02:00,45.18
15.04.2024,03:00,45.18
15.04.2024,04:00,45.18
15.04.2024,05:00,68.74
15.04.2024,06:00,74.99
15.04.2024,07:00,68.74
15.04.2024,08:00,82.77
15.04.2024,09:00,79.67
15.04.2024,10:00,73.25
15.04.2024,11:00,73.25
15.04.2024,12:00,54.67
15.04.2024,13:00,68.74
15.04.2024,14:00,75.77
15.04.2024,15:00,82.77
15.04.2024,16:00,84.36
15.04.2024,17:00,84.36
15.04.2024,18:00,84.36
15.04.2024,19:00,84.36
15.04.2024,20:00,84.36
15.04.2024,21:00,84.36
15.04.2024,22:00,84.36
15.04.2024,23:00,84.36
16.04.2024,00:00,84.36
16.04.2024,01:00,83.48
16.04.2024,02:00,76.55
16.04.2024,03:00,67.02
16.04.2024,04:00,67.02
16.04.2024,05:00,71.86
16.04.2024,06:00,71.61
16.04.2024,07:00,68.49
16.04.2024,08:00,82.73
16.04.2024,09:00,78.02
16.04.2024,10:00,70.14
16.04.2024,11:00,62.49
16.04.2024,12:00,7.81
16.04.2024,13:00,7.81
16.04.2024,14:00,32.81
16.04.2024,15:00,45.12
16.04.2024,16:00,50.99
16.04.2024,17:00,83.42
16.04.2024,18:00,84.36
16.04.2024,19:00,84.36
16.04.2024,20:00,84.36
16.04.2024,21:00,84.36
16.04.2024,22:00,75.77
16.04.2024,23:00,64.02
17.04.2024,00:00,68.4
17.04.2024,01:00,46.4
17.04.2024,02:00,27.84
17.04.2024,03:00,32.48
17.04.2024,04:00,37.08
17.04.2024,05:00,61.87
17.04.2024,06:00,54.12
17.04.2024,07:00,46.4
17.04.2024,08:00,73.59
17.04.2024,09:00,68.05
17.04.2024,10:00,46.4
17.04.2024,11:00,46.4
17.04.2024,12:00,9.27
17.04.2024,13:00,15.47
17.04.2024,14:00,46.4
17.04.2024,15:00,46.4
17.04.2024,16:00,46.4
17.04.2024,17:00,49.34
17.04.2024,18:00,75.79
17.04.2024,19:00,83.52
17.04.2024,20:00,83.52
17.04.2024,21:00,81.94
17.04.2024,22:00,60.78
17.04.2024,23:00,46.4
18.04.2024,00:00,70.7
18.04.2024,01:00,54
18.04.2024,02:00,46.29
18.04.2024,03:00,30.86
18.04.2024,04:00,30.86
18.04.2024,05:00,46.29
18.04.2024,06:00,46.29
18.04.2024,07:00,37.03
18.04.2024,08:00,70.33
18.04.2024,09:00,55.55
18.04.2024,10:00,30.86
18.04.2024,11:00,32.4
18.04.2024,12:00,7.72
18.04.2024,13:00,36.98
18.04.2024,14:00,53.99
18.04.2024,15:00,36.98
18.04.2024,16:00,61.72
18.04.2024,17:00,78.66
18.04.2024,18:00,82.15
18.04.2024,19:00,83.32
18.04.2024,20:00,83.32
18.04.2024,21:00,83.32
18.04.2024,22:00,81.75
18.04.2024,23:00,71.62
19.04.2024,00:00,78.52
19.04.2024,01:00,73.1
19.04.2024,02:00,71.6
19.04.2024,03:00,70.14
19.04.2024,04:00,70.14
19.04.2024,05:00,72.68
19.04.2024,06:00,73.93
19.04.2024,07:00,70.85
19.04.2024,08:00,81.57
19.04.2024,09:00,80
19.04.2024,10:00,67.77
19.04.2024,11:00,75.47
19.04.2024,12:00,53.9
19.04.2024,13:00,46.18
19.04.2024,14:00,66.85
19.04.2024,15:00,72.28
19.04.2024,16:00,63.12
19.04.2024,17:00,74.27
19.04.2024,18:00,81.57
19.04.2024,19:00,83.17
19.04.2024,20:00,83.17
19.04.2024,21:00,81.57
19.04.2024,22:00,72.18
19.04.2024,23:00,66.14
20.04.2024,00:00,73.95
20.04.2024,01:00,67.79
20.04.2024,02:00,46.22
20.04.2024,03:00,40.06
20.04.2024,04:00,40.06
20.04.2024,05:00,46.19
20.04.2024,06:00,46.19
20.04.2024,07:00,27.73
20.04.2024,08:00,46.22
20.04.2024,09:00,46.19
20.04.2024,10:00,53.91
20.04.2024,11:00,36.88
20.04.2024,12:00,20.61
20.04.2024,13:00,30.2
20.04.2024,14:00,40.06
20.04.2024,15:00,29.27
20.04.2024,16:00,47.48
20.04.2024,17:00,61.62
20.04.2024,18:00,73.92
20.04.2024,19:00,82.33
20.04.2024,20:00,83.19
20.04.2024,21:00,82.85
20.04.2024,22:00,73.95
20.04.2024,23:00,70.22
21.04.2024,00:00,73.82
21.04.2024,01:00,70.1
21.04.2024,02:00,69.06
21.04.2024,03:00,67.67
21.04.2024,04:00,73.82
21.04.2024,05:00,79.98
21.04.2024,06:00,67.67
21.04.2024,07:00,46.11
21.04.2024,08:00,9.21
21.04.2024,09:00,4.83
21.04.2024,10:00,2.46
21.04.2024,11:00,1.54
21.04.2024,12:00,0.37
21.04.2024,13:00,0.31
21.04.2024,14:00,0.31
21.04.2024,15:00,0.31
21.04.2024,16:00,3.08
21.04.2024,17:00,46.11
21.04.2024,18:00,70.93
21.04.2024,19:00,76.81
21.04.2024,20:00,83.05
21.04.2024,21:00,82.71
21.04.2024,22:00,46.14
21.04.2024,23:00,38.97
22.04.2024,00:00,67.67
22.04.2024,01:00,46.11
22.04.2024,02:00,30.76
22.04.2024,03:00,30.76
22.04.2024,04:00,46.11
22.04.2024,05:00,50.66
22.04.2024,06:00,44.51
22.04.2024,07:00,39.99
22.04.2024,08:00,74.17
22.04.2024,09:00,71.09
22.04.2024,10:00,61.52
22.04.2024,11:00,70.1
22.04.2024,12:00,46.11
22.04.2024,13:00,67.67
22.04.2024,14:00,73.82
22.04.2024,15:00,73.8
22.04.2024,16:00,72.79
22.04.2024,17:00,83.05
22.04.2024,18:00,83.05
22.04.2024,19:00,83.05
22.04.2024,20:00,83.05
22.04.2024,21:00,83.05
22.04.2024,22:00,83.05
22.04.2024,23:00,82.99
23.04.2024,00:00,83.05
23.04.2024,01:00,80.75
23.04.2024,02:00,78.41
23.04.2024,03:00,67.27
23.04.2024,04:00,67.67
23.04.2024,05:00,73.82
23.04.2024,06:00,78.41
23.04.2024,07:00,70.1
23.04.2024,08:00,72.81
23.04.2024,09:00,79.98
23.04.2024,10:00,70.1
23.04.2024,11:00,69.06
23.04.2024,12:00,46.11
23.04.2024,13:00,46.11
23.04.2024,14:00,46.14
23.04.2024,15:00,61.52
23.04.2024,16:00,70.1
23.04.2024,17:00,76.35
23.04.2024,18:00,83.05
23.04.2024,19:00,83.05
23.04.2024,20:00,83.05
23.04.2024,21:00,83.05
23.04.2024,22:00,72.81
23.04.2024,23:00,59.12
24.04.2024,00:00,83.08
24.04.2024,01:00,69.08
24.04.2024,02:00,53.84
24.04.2024,03:00,46.12
24.04.2024,04:00,61.18
24.04.2024,05:00,53.84
24.04.2024,06:00,40
24.04.2024,07:00,46.12
24.04.2024,08:00,79.66
24.04.2024,09:00,80
24.04.2024,10:00,70.12
24.04.2024,11:00,61.54
24.04.2024,12:00,36.76
24.04.2024,13:00,46.12
24.04.2024,14:00,70.07
24.04.2024,15:00,73.85
24.04.2024,16:00,83.08
24.04.2024,17:00,83.08
24.04.2024,18:00,83.08
24.04.2024,19:00,83.08
24.04.2024,20:00,83.08
24.04.2024,21:00,83.08
24.04.2024,22:00,83.08
24.04.2024,23:00,83.08
25.04.2024,00:00,83.08
25.04.2024,01:00,83.08
25.04.2024,02:00,78.43
25.04.2024,03:00,70.12
25.04.2024,04:00,69.02
25.04.2024,05:00,69.08
25.04.2024,06:00,58.37
25.04.2024,07:00,67.32
25.04.2024,08:00,83.08
25.04.2024,09:00,83.08
25.04.2024,10:00,81.51
25.04.2024,11:00,78.43
25.04.2024,12:00,50.21
25.04.2024,13:00,58.37
25.04.2024,14:00,73.54
25.04.2024,15:00,74.93
25.04.2024,16:00,83.06
25.04.2024,17:00,83.08
25.04.2024,18:00,83.08
25.04.2024,19:00,83.08
25.04.2024,20:00,83.08
25.04.2024,21:00,83.08
25.04.2024,22:00,83.08
25.04.2024,23:00,83.08
26.04.2024,00:00,75.49
26.04.2024,01:00,61.59
26.04.2024,02:00,73.78
26.04.2024,03:00,69.13
26.04.2024,04:00,74.55
26.04.2024,05:00,75.28
26.04.2024,06:00,67.05
26.04.2024,07:00,73.91
26.04.2024,08:00,83.14
26.04.2024,09:00,83.14
26.04.2024,10:00,83.14
26.04.2024,11:00,83.14
26.04.2024,12:00,67.35
26.04.2024,13:00,61.25
26.04.2024,14:00,73.6
26.04.2024,15:00,83.14
26.04.2024,16:00,83.14
26.04.2024,17:00,83.14
26.04.2024,18:00,83.14
26.04.2024,19:00,83.14
26.04.2024,20:00,83.14
26.04.2024,21:00,83.14
26.04.2024,22:00,83.14
26.04.2024,23:00,83.14
27.04.2024,00:00,83.14
27.04.2024,01:00,83.14
27.04.2024,02:00,74.67
27.04.2024,03:00,61.25
27.04.2024,04:00,70.17
27.04.2024,05:00,70.17
27.04.2024,06:00,50.25
27.04.2024,07:00,50.25
27.04.2024,08:00,81.57
27.04.2024,09:00,70.17
27.04.2024,10:00,40.03
27.04.2024,11:00,41.41
27.04.2024,12:00,24.02
27.04.2024,13:00,41.41
27.04.2024,14:00,50.25
27.04.2024,15:00,50.25
27.04.2024,16:00,50.25
27.04.2024,17:00,57.18
27.04.2024,18:00,80.06
27.04.2024,19:00,83.14
27.04.2024,20:00,83.14
27.04.2024,21:00,83.14
27.04.2024,22:00,80.06
27.04.2024,23:00,71.59
28.04.2024,00:00,83.2
28.04.2024,01:00,83.2
28.04.2024,02:00,74.2
28.04.2024,03:00,65.48
28.04.2024,04:00,70.22
28.04.2024,05:00,65.82
28.04.2024,06:00,70.87
28.04.2024,07:00,23.11
28.04.2024,08:00,12.63
28.04.2024,09:00,4.07
28.04.2024,10:00,3.43
28.04.2024,11:00,3.42
28.04.2024,12:00,3.54
28.04.2024,13:00,3.7
28.04.2024,14:00,4.07
28.04.2024,15:00,3.43
28.04.2024,16:00,30.41
28.04.2024,17:00,70.81
28.04.2024,18:00,73.95
28.04.2024,19:00,83.2
28.04.2024,20:00,83.2
28.04.2024,21:00,83.2
28.04.2024,22:00,83.2
28.04.2024,23:00,82.1
29.04.2024,00:00,83.2
29.04.2024,01:00,83.2
29.04.2024,02:00,55.47
29.04.2024,03:00,37.68
29.04.2024,04:00,40.06
29.04.2024,05:00,50.29
29.04.2024,06:00,28.15
29.04.2024,07:00,41.6
29.04.2024,08:00,83.2
29.04.2024,09:00,83.2
29.04.2024,10:00,71.82
29.04.2024,11:00,70.22
29.04.2024,12:00,41.6
29.04.2024,13:00,50.29
29.04.2024,14:00,79.81
29.04.2024,15:00,83.2
29.04.2024,16:00,79.78
29.04.2024,17:00,82.89
29.04.2024,18:00,79.54
29.04.2024,19:00,83.2
29.04.2024,20:00,83.2
29.04.2024,21:00,83.2
29.04.2024,22:00,69.77
29.04.2024,23:00,50.29
30.04.2024,00:00,73.95
30.04.2024,01:00,72.82
30.04.2024,02:00,50.29
30.04.2024,03:00,50.29
30.04.2024,04:00,50.29
30.04.2024,05:00,51.92
30.04.2024,06:00,30.81
30.04.2024,07:00,50.29
30.04.2024,08:00,70.38
30.04.2024,09:00,73.65
30.04.2024,10:00,50.29
30.04.2024,11:00,50.29
30.04.2024,12:00,27.73
30.04.2024,13:00,47.19
30.04.2024,14:00,50.29
30.04.2024,15:00,51.92
30.04.2024,16:00,63.17
30.04.2024,17:00,79.5
30.04.2024,18:00,83.2
30.04.2024,19:00,83.2
30.04.2024,20:00,83.2
30.04.2024,21:00,83.2
30.04.2024,22:00,69.33
30.04.2024,23:00,50.29
1.05.2024,00:00,74.56
1.05.2024,01:00,54.1
1.05.2024,02:00,46.38
1.05.2024,03:00,40.2
1.05.2024,04:00,30.92
1.05.2024,05:00,38.16
1.05.2024,06:00,32.47
1.05.2024,07:00,15.55
1.05.2024,08:00,63.36
1.05.2024,09:00,48.55
1.05.2024,10:00,46.38
1.05.2024,11:00,46.38
1.05.2024,12:00,15.46
1.05.2024,13:00,40.2
1.05.2024,14:00,61.84
1.05.2024,15:00,50.46
1.05.2024,16:00,70.47
1.05.2024,17:00,81.02
1.05.2024,18:00,80.34
1.05.2024,19:00,83.49
1.05.2024,20:00,83.49
1.05.2024,21:00,83.49
1.05.2024,22:00,78.85
1.05.2024,23:00,70.47
2.05.2024,00:00,81.99
2.05.2024,01:00,79.67
2.05.2024,02:00,72.22
2.05.2024,03:00,70.5
2.05.2024,04:00,69.09
2.05.2024,05:00,67.29
2.05.2024,06:00,49.78
2.05.2024,07:00,74.28
2.05.2024,08:00,82.95
2.05.2024,09:00,82.7
2.05.2024,10:00,75.31
2.05.2024,11:00,77.44
2.05.2024,12:00,64.95
2.05.2024,13:00,70.63
2.05.2024,14:00,77.29
2.05.2024,15:00,74.06
2.05.2024,16:00,82.78
2.05.2024,17:00,83.57
2.05.2024,18:00,83.57
2.05.2024,19:00,83.57
2.05.2024,20:00,83.57
2.05.2024,21:00,83.57
2.05.2024,22:00,83.57
2.05.2024,23:00,82.02
3.05.2024,00:00,81.71
3.05.2024,01:00,80.16
3.05.2024,02:00,69.64
3.05.2024,03:00,70.12
3.05.2024,04:00,65.38
3.05.2024,05:00,64.92
3.05.2024,06:00,55.37
3.05.2024,07:00,64.92
3.05.2024,08:00,83.23
3.05.2024,09:00,83.26
3.05.2024,10:00,81.99
3.05.2024,11:00,79.23
3.05.2024,12:00,54.68
3.05.2024,13:00,48.3
3.05.2024,14:00,69.59
3.05.2024,15:00,69.59
3.05.2024,16:00,71.53
3.05.2024,17:00,81.71
3.05.2024,18:00,83.26
3.05.2024,19:00,83.57
3.05.2024,20:00,83.57
3.05.2024,21:00,83.57
3.05.2024,22:00,83.26
3.05.2024,23:00,80.36
4.05.2024,00:00,81.96
4.05.2024,01:00,76.84
4.05.2024,02:00,74.26
4.05.2024,03:00,71.52
4.05.2024,04:00,72.2
4.05.2024,05:00,71.78
4.05.2024,06:00,57.18
4.05.2024,07:00,39.91
4.05.2024,08:00,61.85
4.05.2024,09:00,70.61
4.05.2024,10:00,61.88
4.05.2024,11:00,60.86
4.05.2024,12:00,43.24
4.05.2024,13:00,46.41
4.05.2024,14:00,68.07
4.05.2024,15:00,72.19
4.05.2024,16:00,71.16
4.05.2024,17:00,74.6
4.05.2024,18:00,83.39
4.05.2024,19:00,83.54
4.05.2024,20:00,83.54
4.05.2024,21:00,83.39
4.05.2024,22:00,69.57
4.05.2024,23:00,46.41
5.05.2024,00:00,82.15
5.05.2024,01:00,75.94
5.05.2024,02:00,56.72
5.05.2024,03:00,38.56
5.05.2024,04:00,31.01
5.05.2024,05:00,46.52
5.05.2024,06:00,15.51
5.05.2024,07:00,7.72
5.05.2024,08:00,5.89
5.05.2024,09:00,3.88
5.05.2024,10:00,3.57
5.05.2024,11:00,3.44
5.05.2024,12:00,3.07
5.05.2024,13:00,3.07
5.05.2024,14:00,3.41
5.05.2024,15:00,3.44
5.05.2024,16:00,6.17
5.05.2024,17:00,30.39
5.05.2024,18:00,52.72
5.05.2024,19:00,83.57
5.05.2024,20:00,83.57
5.05.2024,21:00,83.57
5.05.2024,22:00,67.88
5.05.2024,23:00,46.52
6.05.2024,00:00,65.12
6.05.2024,01:00,55.98
6.05.2024,02:00,46.52
6.05.2024,03:00,40.31
6.05.2024,04:00,40.31
6.05.2024,05:00,46.52
6.05.2024,06:00,27.91
6.05.2024,07:00,31.01
6.05.2024,08:00,82.12
6.05.2024,09:00,81.87
6.05.2024,10:00,75.2
6.05.2024,11:00,72.36
6.05.2024,12:00,46.52
6.05.2024,13:00,58.61
6.05.2024,14:00,60.19
6.05.2024,15:00,47.98
6.05.2024,16:00,68.57
6.05.2024,17:00,79.83
6.05.2024,18:00,83.57
6.05.2024,19:00,83.73
6.05.2024,20:00,83.73
6.05.2024,21:00,83.73
6.05.2024,22:00,83.39
6.05.2024,23:00,79.83
7.05.2024,00:00,81.42
7.05.2024,01:00,77.29
7.05.2024,02:00,71.48
7.05.2024,03:00,68.22
7.05.2024,04:00,72.36
7.05.2024,05:00,72.36
7.05.2024,06:00,50.61
7.05.2024,07:00,46.52
7.05.2024,08:00,81.87
7.05.2024,09:00,81.87
7.05.2024,10:00,71.94
7.05.2024,11:00,63.54
7.05.2024,12:00,44.97
7.05.2024,13:00,46.52
7.05.2024,14:00,60.19
7.05.2024,15:00,55.04
7.05.2024,16:00,46.52
7.05.2024,17:00,77.82
7.05.2024,18:00,83.57
7.05.2024,19:00,83.73
7.05.2024,20:00,83.73
7.05.2024,21:00,83.73
7.05.2024,22:00,81.87
7.05.2024,23:00,74.11
8.05.2024,00:00,79.97
8.05.2024,01:00,74.48
8.05.2024,02:00,72.06
8.05.2024,03:00,71.57
8.05.2024,04:00,74.84
8.05.2024,05:00,75.44
8.05.2024,06:00,68.93
8.05.2024,07:00,52.68
8.05.2024,08:00,79.44
8.05.2024,09:00,69.78
8.05.2024,10:00,53.92
8.05.2024,11:00,60.98
8.05.2024,12:00,44.85
8.05.2024,13:00,49.83
8.05.2024,14:00,65.08
8.05.2024,15:00,72.41
8.05.2024,16:00,74.4
8.05.2024,17:00,77.19
8.05.2024,18:00,82.61
8.05.2024,19:00,83.63
8.05.2024,20:00,83.79
8.05.2024,21:00,83.63
8.05.2024,22:00,74.17
8.05.2024,23:00,62.07
9.05.2024,00:00,77.93
9.05.2024,01:00,69.81
9.05.2024,02:00,69.68
9.05.2024,03:00,67.38
9.05.2024,04:00,72.82
9.05.2024,05:00,72.86
9.05.2024,06:00,62.1
9.05.2024,07:00,69.81
9.05.2024,08:00,81.79
9.05.2024,09:00,82.65
9.05.2024,10:00,79.63
9.05.2024,11:00,76.18
9.05.2024,12:00,52.56
9.05.2024,13:00,63.12
9.05.2024,14:00,76.07
9.05.2024,15:00,76.07
9.05.2024,16:00,77.97
9.05.2024,17:00,82.28
9.05.2024,18:00,82.25
9.05.2024,19:00,83.68
9.05.2024,20:00,83.68
9.05.2024,21:00,81.35
9.05.2024,22:00,72.5
9.05.2024,23:00,55.22
10.05.2024,00:00,81.66
10.05.2024,01:00,75.71
10.05.2024,02:00,74.52
10.05.2024,03:00,72.86
10.05.2024,04:00,71.38
10.05.2024,05:00,69.81
10.05.2024,06:00,53.87
10.05.2024,07:00,44.75
10.05.2024,08:00,69.81
10.05.2024,09:00,55.11
10.05.2024,10:00,44.75
10.05.2024,11:00,49.94
10.05.2024,12:00,30.43
10.05.2024,13:00,27.94
10.05.2024,14:00,69.81
10.05.2024,15:00,71.38
10.05.2024,16:00,72.18
10.05.2024,17:00,78.96
10.05.2024,18:00,74.21
10.05.2024,19:00,77.43
10.05.2024,20:00,81
10.05.2024,21:00,74.86
10.05.2024,22:00,71.38
10.05.2024,23:00,65.2
11.05.2024,00:00,68.37
11.05.2024,01:00,62.16
11.05.2024,02:00,46.62
11.05.2024,03:00,40.4
11.05.2024,04:00,40.4
11.05.2024,05:00,46.62
11.05.2024,06:00,40.23
11.05.2024,07:00,24.24
11.05.2024,08:00,46.62
11.05.2024,09:00,46.62
11.05.2024,10:00,40.4
11.05.2024,11:00,40.23
11.05.2024,12:00,28.84
11.05.2024,13:00,40.23
11.05.2024,14:00,46.62
11.05.2024,15:00,34.19
11.05.2024,16:00,40.23
11.05.2024,17:00,57.53
11.05.2024,18:00,69.88
11.05.2024,19:00,82.33
11.05.2024,20:00,83.76
11.05.2024,21:00,82.36
11.05.2024,22:00,74.59
11.05.2024,23:00,68.37
12.05.2024,00:00,69.93
12.05.2024,01:00,69.98
12.05.2024,02:00,61.21
12.05.2024,03:00,46.65
12.05.2024,04:00,51.07
12.05.2024,05:00,51.07
12.05.2024,06:00,60.46
12.05.2024,07:00,31.1
12.05.2024,08:00,31.1
12.05.2024,09:00,31.1
12.05.2024,10:00,15.55
12.05.2024,11:00,15.24
12.05.2024,12:00,8.3
12.05.2024,13:00,12.14
12.05.2024,14:00,31.1
12.05.2024,15:00,31.1
12.05.2024,16:00,46.65
12.05.2024,17:00,51.16
12.05.2024,18:00,51.07
12.05.2024,19:00,83.82
12.05.2024,20:00,83.97
12.05.2024,21:00,83.82
12.05.2024,22:00,72.26
12.05.2024,23:00,65.31
13.05.2024,00:00,46.64
13.05.2024,01:00,50.03
13.05.2024,02:00,46.64
13.05.2024,03:00,46.64
13.05.2024,04:00,46.64
13.05.2024,05:00,46.64
13.05.2024,06:00,30.48
13.05.2024,07:00,32.66
13.05.2024,08:00,77.63
13.05.2024,09:00,78.52
13.05.2024,10:00,62.2
13.05.2024,11:00,62.2
13.05.2024,12:00,40.86
13.05.2024,13:00,46.64
13.05.2024,14:00,56.6
13.05.2024,15:00,62.2
13.05.2024,16:00,69.93
13.05.2024,17:00,74.33
13.05.2024,18:00,69.93
13.05.2024,19:00,82.11
13.05.2024,20:00,83.82
13.05.2024,21:00,82.11
13.05.2024,22:00,62.51
13.05.2024,23:00,46.64
14.05.2024,00:00,79.9
14.05.2024,01:00,79.25
14.05.2024,02:00,62.2
14.05.2024,03:00,50.03
14.05.2024,04:00,49.61
14.05.2024,05:00,55.98
14.05.2024,06:00,46.64
14.05.2024,07:00,46.64
14.05.2024,08:00,69.94
14.05.2024,09:00,69.94
14.05.2024,10:00,63.73
14.05.2024,11:00,63.73
14.05.2024,12:00,44.86
14.05.2024,13:00,46.64
14.05.2024,14:00,56.2
14.05.2024,15:00,56.2
14.05.2024,16:00,57.75
14.05.2024,17:00,74.64
14.05.2024,18:00,79.9
14.05.2024,19:00,83.97
14.05.2024,20:00,83.97
14.05.2024,21:00,79.9
14.05.2024,22:00,72.1
14.05.2024,23:00,60.37
15.05.2024,00:00,76.21
15.05.2024,01:00,77.76
15.05.2024,02:00,74.65
15.05.2024,03:00,69.95
15.05.2024,04:00,73.06
15.05.2024,05:00,72.24
15.05.2024,06:00,55.66
15.05.2024,07:00,59.1
15.05.2024,08:00,74.34
15.05.2024,09:00,80.87
15.05.2024,10:00,72.36
15.05.2024,11:00,69.95
15.05.2024,12:00,46.65
15.05.2024,13:00,48.21
15.05.2024,14:00,73.92
15.05.2024,15:00,76.17
15.05.2024,16:00,76.21
15.05.2024,17:00,77.64
15.05.2024,18:00,76.17
15.05.2024,19:00,83.83
15.05.2024,20:00,83.83
15.05.2024,21:00,80.87
15.05.2024,22:00,69.95
15.05.2024,23:00,62.17
16.05.2024,00:00,74.25
16.05.2024,01:00,73.35
16.05.2024,02:00,68.33
16.05.2024,03:00,46.58
16.05.2024,04:00,68.87
16.05.2024,05:00,73.35
16.05.2024,06:00,46.58
16.05.2024,07:00,46.58
16.05.2024,08:00,80.76
16.05.2024,09:00,80.91
16.05.2024,10:00,69.85
16.05.2024,11:00,72.22
16.05.2024,12:00,46.58
16.05.2024,13:00,56.53
16.05.2024,14:00,69.73
16.05.2024,15:00,63.64
16.05.2024,16:00,58.86
16.05.2024,17:00,74.24
16.05.2024,18:00,80.45
16.05.2024,19:00,83.86
16.05.2024,20:00,83.86
16.05.2024,21:00,82
16.05.2024,22:00,68.87
16.05.2024,23:00,62.43
17.05.2024,00:00,72.2
17.05.2024,01:00,72.88
17.05.2024,02:00,63.58
17.05.2024,03:00,60.97
17.05.2024,04:00,68.26
17.05.2024,05:00,72.81
17.05.2024,06:00,44.5
17.05.2024,07:00,44.5
17.05.2024,08:00,82.19
17.05.2024,09:00,83.77
17.05.2024,10:00,75.98
17.05.2024,11:00,72.91
17.05.2024,12:00,40.34
17.05.2024,13:00,32.58
17.05.2024,14:00,65.78
17.05.2024,15:00,67.33
17.05.2024,16:00,69.29
17.05.2024,17:00,74.37
17.05.2024,18:00,74.47
17.05.2024,19:00,82.19
17.05.2024,20:00,83.77
17.05.2024,21:00,83.77
17.05.2024,22:00,72.91
17.05.2024,23:00,60.97
18.05.2024,00:00,78.5
18.05.2024,01:00,75.81
18.05.2024,02:00,74.88
18.05.2024,03:00,74.6
18.05.2024,04:00,74.24
18.05.2024,05:00,74.6
18.05.2024,06:00,69.93
18.05.2024,07:00,61.01
18.05.2024,08:00,78.85
18.05.2024,09:00,68.07
18.05.2024,10:00,61.88
18.05.2024,11:00,46.65
18.05.2024,12:00,40.43
18.05.2024,13:00,44.32
18.05.2024,14:00,44.32
18.05.2024,15:00,39.39
18.05.2024,16:00,44.32
18.05.2024,17:00,68.07
18.05.2024,18:00,82.27
18.05.2024,19:00,83.96
18.05.2024,20:00,83.96
18.05.2024,21:00,83.96
18.05.2024,22:00,80.85
18.05.2024,23:00,69.23
19.05.2024,00:00,77.65
19.05.2024,01:00,73
19.05.2024,02:00,72.99
19.05.2024,03:00,72.06
19.05.2024,04:00,73.86
19.05.2024,05:00,71.44
19.05.2024,06:00,65.18
19.05.2024,07:00,31.06
19.05.2024,08:00,25.19
19.05.2024,09:00,15.53
19.05.2024,10:00,7.73
19.05.2024,11:00,7.73
19.05.2024,12:00,4.1
19.05.2024,13:00,7.77
19.05.2024,14:00,25.19
19.05.2024,15:00,15.5
19.05.2024,16:00,31.06
19.05.2024,17:00,69.85
19.05.2024,18:00,76.64
19.05.2024,19:00,82.31
19.05.2024,20:00,82.28
19.05.2024,21:00,78.49
19.05.2024,22:00,72.06
19.05.2024,23:00,69.85
20.05.2024,00:00,69.73
20.05.2024,01:00,59.61
20.05.2024,02:00,46.28
20.05.2024,03:00,46.28
20.05.2024,04:00,46.28
20.05.2024,05:00,46.28
20.05.2024,06:00,31.06
20.05.2024,07:00,46.28
20.05.2024,08:00,79.8
20.05.2024,09:00,74.55
20.05.2024,10:00,72.22
20.05.2024,11:00,72.06
20.05.2024,12:00,46.28
20.05.2024,13:00,61.57
20.05.2024,14:00,72.89
20.05.2024,15:00,72.43
20.05.2024,16:00,72.96
20.05.2024,17:00,74.55
20.05.2024,18:00,79.55
20.05.2024,19:00,82.31
20.05.2024,20:00,83.87
20.05.2024,21:00,82.28
20.05.2024,22:00,74.54
20.05.2024,23:00,60.94
21.05.2024,00:00,72.96
21.05.2024,01:00,74.69
21.05.2024,02:00,72.96
21.05.2024,03:00,71.63
21.05.2024,04:00,72.22
21.05.2024,05:00,71.82
21.05.2024,06:00,59.61
21.05.2024,07:00,67.99
21.05.2024,08:00,72.96
21.05.2024,09:00,73.89
21.05.2024,10:00,72.06
21.05.2024,11:00,73.77
21.05.2024,12:00,49.96
21.05.2024,13:00,65.62
21.05.2024,14:00,72.89
21.05.2024,15:00,72.96
21.05.2024,16:00,56.13
21.05.2024,17:00,80.73
21.05.2024,18:00,83.87
21.05.2024,19:00,83.87
21.05.2024,20:00,83.87
21.05.2024,21:00,83.87
21.05.2024,22:00,83.87
21.05.2024,23:00,75.29
22.05.2024,00:00,83.97
22.05.2024,01:00,83.97
22.05.2024,02:00,82.8
22.05.2024,03:00,74.64
22.05.2024,04:00,80.64
22.05.2024,05:00,78.43
22.05.2024,06:00,69.66
22.05.2024,07:00,61.7
22.05.2024,08:00,83.47
22.05.2024,09:00,79.27
22.05.2024,10:00,79.27
22.05.2024,11:00,76.63
22.05.2024,12:00,46.62
22.05.2024,13:00,60.06
22.05.2024,14:00,65.7
22.05.2024,15:00,72.57
22.05.2024,16:00,82.29
22.05.2024,17:00,83.97
22.05.2024,18:00,83.97
22.05.2024,19:00,83.97
22.05.2024,20:00,83.97
22.05.2024,21:00,83.97
22.05.2024,22:00,83.97
22.05.2024,23:00,79.27
23.05.2024,00:00,78.59
23.05.2024,01:00,83.97
23.05.2024,02:00,81.48
23.05.2024,03:00,78.52
23.05.2024,04:00,77.63
23.05.2024,05:00,74.64
23.05.2024,06:00,62.2
23.05.2024,07:00,62.51
23.05.2024,08:00,83.97
23.05.2024,09:00,83.97
23.05.2024,10:00,82.38
23.05.2024,11:00,80.86
23.05.2024,12:00,60.06
23.05.2024,13:00,69.82
23.05.2024,14:00,77.6
23.05.2024,15:00,74.52
23.05.2024,16:00,76.19
23.05.2024,17:00,76.4
23.05.2024,18:00,80.86
23.05.2024,19:00,80.86
23.05.2024,20:00,83.97
23.05.2024,21:00,83.66
23.05.2024,22:00,68.07
23.05.2024,23:00,62.51
24.05.2024,00:00,73.99
24.05.2024,01:00,70.27
24.05.2024,02:00,73.86
24.05.2024,03:00,64.97
24.05.2024,04:00,73.07
24.05.2024,05:00,70.55
24.05.2024,06:00,49.66
24.05.2024,07:00,51.21
24.05.2024,08:00,81.72
24.05.2024,09:00,81.72
24.05.2024,10:00,73.51
24.05.2024,11:00,68.84
24.05.2024,12:00,58.84
24.05.2024,13:00,46.67
24.05.2024,14:00,76.05
24.05.2024,15:00,76.03
24.05.2024,16:00,75.49
24.05.2024,17:00,74.72
24.05.2024,18:00,59
24.05.2024,19:00,75.5
24.05.2024,20:00,84.06
24.05.2024,21:00,80.94
24.05.2024,22:00,73.51
24.05.2024,23:00,69.89
25.05.2024,00:00,77.84
25.05.2024,01:00,80.86
25.05.2024,02:00,71.5
25.05.2024,03:00,62.22
25.05.2024,04:00,76.43
25.05.2024,05:00,72.18
25.05.2024,06:00,46.64
25.05.2024,07:00,31.11
25.05.2024,08:00,51.18
25.05.2024,09:00,46.64
25.05.2024,10:00,46.64
25.05.2024,11:00,38.89
25.05.2024,12:00,23.33
25.05.2024,13:00,23.33
25.05.2024,14:00,30.13
25.05.2024,15:00,15.68
25.05.2024,16:00,9.14
25.05.2024,17:00,39.14
25.05.2024,18:00,46.64
25.05.2024,19:00,68.45
25.05.2024,20:00,84
25.05.2024,21:00,81.43
25.05.2024,22:00,64.84
25.05.2024,23:00,46.64
26.05.2024,00:00,75.51
26.05.2024,01:00,71.52
26.05.2024,02:00,46.63
26.05.2024,03:00,46.63
26.05.2024,04:00,40.13
26.05.2024,05:00,32.09
26.05.2024,06:00,31.11
26.05.2024,07:00,8.31
26.05.2024,08:00,3.29
26.05.2024,09:00,1
26.05.2024,10:00,1
26.05.2024,11:00,0.56
26.05.2024,12:00,0.31
26.05.2024,13:00,0.62
26.05.2024,14:00,1.3
26.05.2024,15:00,1.89
26.05.2024,16:00,3.58
26.05.2024,17:00,24.26
26.05.2024,18:00,28.87
26.05.2024,19:00,46.63
26.05.2024,20:00,68.44
26.05.2024,21:00,68.44
26.05.2024,22:00,46.63
26.05.2024,23:00,42
27.05.2024,00:00,46.35
27.05.2024,01:00,42
27.05.2024,02:00,42
27.05.2024,03:00,40.44
27.05.2024,04:00,46.63
27.05.2024,05:00,42
27.05.2024,06:00,31.08
27.05.2024,07:00,31.11
27.05.2024,08:00,68.43
27.05.2024,09:00,65.28
27.05.2024,10:00,65.28
27.05.2024,11:00,60.35
27.05.2024,12:00,46.63
27.05.2024,13:00,59.26
27.05.2024,14:00,78.5
27.05.2024,15:00,76.43
27.05.2024,16:00,73
27.05.2024,17:00,78.46
27.05.2024,18:00,60.66
27.05.2024,19:00,79.33
27.05.2024,20:00,83.99
27.05.2024,21:00,83.99
27.05.2024,22:00,82.41
27.05.2024,23:00,76.43
28.05.2024,00:00,74.55
28.05.2024,01:00,75.87
28.05.2024,02:00,73
28.05.2024,03:00,69.84
28.05.2024,04:00,71.55
28.05.2024,05:00,63.81
28.05.2024,06:00,46.63
28.05.2024,07:00,46.63
28.05.2024,08:00,79.92
28.05.2024,09:00,80.85
28.05.2024,10:00,73.11
28.05.2024,11:00,68.43
28.05.2024,12:00,46.63
28.05.2024,13:00,64.12
28.05.2024,14:00,61.22
28.05.2024,15:00,71.52
28.05.2024,16:00,74.63
28.05.2024,17:00,71.55
28.05.2024,18:00,63.74
28.05.2024,19:00,80.88
28.05.2024,20:00,83.99
28.05.2024,21:00,83.99
28.05.2024,22:00,73.11
28.05.2024,23:00,69.33
29.05.2024,00:00,75.07
29.05.2024,01:00,73.05
29.05.2024,02:00,63.77
29.05.2024,03:00,63.77
29.05.2024,04:00,60.38
29.05.2024,05:00,72.89
29.05.2024,06:00,72.2
29.05.2024,07:00,50.06
29.05.2024,08:00,74.66
29.05.2024,09:00,68.13
29.05.2024,10:00,60.38
29.05.2024,11:00,66.88
29.05.2024,12:00,39.15
29.05.2024,13:00,46.65
29.05.2024,14:00,60.38
29.05.2024,15:00,59.13
29.05.2024,16:00,67.54
29.05.2024,17:00,77.71
29.05.2024,18:00,80.14
29.05.2024,19:00,75.9
29.05.2024,20:00,82.47
29.05.2024,21:00,78.2
29.05.2024,22:00,57.79
29.05.2024,23:00,65.36
30.05.2024,00:00,77.83
30.05.2024,01:00,79.25
30.05.2024,02:00,73.01
30.05.2024,03:00,72.01
30.05.2024,04:00,73.01
30.05.2024,05:00,74.72
30.05.2024,06:00,70.01
30.05.2024,07:00,50.05
30.05.2024,08:00,77.83
30.05.2024,09:00,80.91
30.05.2024,10:00,72.38
30.05.2024,11:00,74.85
30.05.2024,12:00,46.39
30.05.2024,13:00,60.4
30.05.2024,14:00,70.05
30.05.2024,15:00,72.01
30.05.2024,16:00,73
30.05.2024,17:00,76.49
30.05.2024,18:00,71.29
30.05.2024,19:00,79.7
30.05.2024,20:00,82.5
30.05.2024,21:00,80.95
30.05.2024,22:00,72.01
30.05.2024,23:00,66.9
31.05.2024,00:00,76.82
31.05.2024,01:00,77.03
31.05.2024,02:00,72.26
31.05.2024,03:00,65.86
31.05.2024,04:00,69.9
31.05.2024,05:00,72.74
31.05.2024,06:00,59.18
31.05.2024,07:00,46.6
31.05.2024,08:00,72.85
31.05.2024,09:00,58.87
31.05.2024,10:00,46.6
31.05.2024,11:00,46.6
31.05.2024,12:00,31.07
31.05.2024,13:00,31.07
31.05.2024,14:00,46.6
31.05.2024,15:00,68.35
31.05.2024,16:00,65.59
31.05.2024,17:00,72.98
31.05.2024,18:00,76.33
31.05.2024,19:00,76.08
31.05.2024,20:00,83.88
31.05.2024,21:00,82.3
31.05.2024,22:00,73.14
31.05.2024,23:00,67.42
1.06.2024,00:00,82.17
1.06.2024,01:00,79.38
1.06.2024,02:00,71.32
1.06.2024,03:00,54.41
1.06.2024,04:00,72.1
1.06.2024,05:00,79.04
1.06.2024,06:00,49.86
1.06.2024,07:00,31.01
1.06.2024,08:00,48.06
1.06.2024,09:00,49.86
1.06.2024,10:00,42.88
1.06.2024,11:00,36.56
1.06.2024,12:00,15.5
1.06.2024,13:00,40.14
1.06.2024,14:00,49.86
1.06.2024,15:00,31.01
1.06.2024,16:00,49.86
1.06.2024,17:00,65.12
1.06.2024,18:00,74.42
1.06.2024,19:00,80.62
1.06.2024,20:00,83.72
1.06.2024,21:00,82.14
1.06.2024,22:00,75.2
1.06.2024,23:00,68.19
2.06.2024,00:00,79.95
2.06.2024,01:00,74.69
2.06.2024,02:00,73.69
2.06.2024,03:00,69.21
2.06.2024,04:00,71.54
2.06.2024,05:00,73.42
2.06.2024,06:00,79.06
2.06.2024,07:00,36.86
2.06.2024,08:00,5.91
2.06.2024,09:00,3.58
2.06.2024,10:00,3.08
2.06.2024,11:00,2.49
2.06.2024,12:00,1.3
2.06.2024,13:00,3.08
2.06.2024,14:00,3.73
2.06.2024,15:00,4.11
2.06.2024,16:00,36.86
2.06.2024,17:00,73.69
2.06.2024,18:00,71.54
2.06.2024,19:00,81.69
2.06.2024,20:00,81.69
2.06.2024,21:00,79.36
2.06.2024,22:00,71.58
2.06.2024,23:00,71.54
3.06.2024,00:00,75.57
3.06.2024,01:00,73.1
3.06.2024,02:00,74.97
3.06.2024,03:00,72.35
3.06.2024,04:00,69.86
3.06.2024,05:00,68.43
3.06.2024,06:00,49.79
3.06.2024,07:00,39.68
3.06.2024,08:00,60.37
3.06.2024,09:00,58.01
3.06.2024,10:00,72.35
3.06.2024,11:00,77.37
3.06.2024,12:00,50.04
3.06.2024,13:00,68.46
3.06.2024,14:00,78.49
3.06.2024,15:00,73.69
3.06.2024,16:00,63.8
3.06.2024,17:00,79.32
3.06.2024,18:00,80.42
3.06.2024,19:00,81.61
3.06.2024,20:00,84.02
3.06.2024,21:00,82.47
3.06.2024,22:00,68.43
3.06.2024,23:00,65.35
4.06.2024,00:00,80.91
4.06.2024,01:00,80.83
4.06.2024,02:00,75.43
4.06.2024,03:00,73.1
4.06.2024,04:00,73.09
4.06.2024,05:00,66.84
4.06.2024,06:00,58.97
4.06.2024,07:00,51.1
4.06.2024,08:00,67.53
4.06.2024,09:00,79.23
4.06.2024,10:00,77.8
4.06.2024,11:00,78.58
4.06.2024,12:00,57.57
4.06.2024,13:00,71.49
4.06.2024,14:00,77.75
4.06.2024,15:00,76.54
4.06.2024,16:00,74.69
4.06.2024,17:00,80.83
4.06.2024,18:00,83.71
4.06.2024,19:00,83.71
4.06.2024,20:00,84.02
4.06.2024,21:00,83.71
4.06.2024,22:00,81.53
4.06.2024,23:00,72.36
5.06.2024,00:00,82.35
5.06.2024,01:00,80.86
5.06.2024,02:00,73.64
5.06.2024,03:00,62.2
5.06.2024,04:00,76.73
5.06.2024,05:00,73.54
5.06.2024,06:00,61.17
5.06.2024,07:00,61.17
5.06.2024,08:00,79.31
5.06.2024,09:00,80.86
5.06.2024,10:00,80.05
5.06.2024,11:00,80.79
5.06.2024,12:00,71.36
5.06.2024,13:00,76.2
5.06.2024,14:00,80.86
5.06.2024,15:00,82.59
5.06.2024,16:00,83.97
5.06.2024,17:00,83.97
5.06.2024,18:00,83.97
5.06.2024,19:00,83.97
5.06.2024,20:00,83.97
5.06.2024,21:00,83.97
5.06.2024,22:00,83.97
5.06.2024,23:00,80.86
6.06.2024,00:00,82.8
6.06.2024,01:00,82.04
6.06.2024,02:00,80.57
6.06.2024,03:00,74.62
6.06.2024,04:00,75.1
6.06.2024,05:00,61.67
6.06.2024,06:00,52.22
6.06.2024,07:00,52.22
6.06.2024,08:00,61.67
6.06.2024,09:00,78.7
6.06.2024,10:00,79.12
6.06.2024,11:00,79.86
6.06.2024,12:00,64.33
6.06.2024,13:00,75.4
6.06.2024,14:00,80.57
6.06.2024,15:00,82.06
6.06.2024,16:00,83.67
6.06.2024,17:00,83.67
6.06.2024,18:00,83.67
6.06.2024,19:00,83.67
6.06.2024,20:00,83.67
6.06.2024,21:00,83.67
6.06.2024,22:00,82.12
6.06.2024,23:00,73.05
7.06.2024,00:00,80.03
7.06.2024,01:00,75.07
7.06.2024,02:00,73.94
7.06.2024,03:00,72.38
7.06.2024,04:00,75.55
7.06.2024,05:00,70.89
7.06.2024,06:00,51.92
7.06.2024,07:00,51.92
7.06.2024,08:00,64.71
7.06.2024,09:00,79.16
7.06.2024,10:00,80.08
7.06.2024,11:00,77.8
7.06.2024,12:00,60.64
7.06.2024,13:00,66.63
7.06.2024,14:00,73.95
7.06.2024,15:00,79.16
7.06.2024,16:00,80.05
7.06.2024,17:00,81.65
7.06.2024,18:00,79.49
7.06.2024,19:00,71.48
7.06.2024,20:00,82.16
7.06.2024,21:00,81.59
7.06.2024,22:00,67.79
7.06.2024,23:00,63.13
8.06.2024,00:00,80.77
8.06.2024,01:00,76.05
8.06.2024,02:00,77.69
8.06.2024,03:00,61.13
8.06.2024,04:00,62.16
8.06.2024,05:00,68.06
8.06.2024,06:00,46.31
8.06.2024,07:00,32.63
8.06.2024,08:00,75.31
8.06.2024,09:00,82.29
8.06.2024,10:00,73.81
8.06.2024,11:00,73.81
8.06.2024,12:00,51
8.06.2024,13:00,73.2
8.06.2024,14:00,80.8
8.06.2024,15:00,81.14
8.06.2024,16:00,70.92
8.06.2024,17:00,73
8.06.2024,18:00,76.05
8.06.2024,19:00,76.05
8.06.2024,20:00,82.48
8.06.2024,21:00,82.36
8.06.2024,22:00,72.57
8.06.2024,23:00,70.06
9.06.2024,00:00,80.76
9.06.2024,01:00,76.89
9.06.2024,02:00,75.27
9.06.2024,03:00,69.05
9.06.2024,04:00,72.97
9.06.2024,05:00,78.43
9.06.2024,06:00,61.1
9.06.2024,07:00,35.72
9.06.2024,08:00,31.06
9.06.2024,09:00,38.8
9.06.2024,10:00,38.8
9.06.2024,11:00,40.38
9.06.2024,12:00,36.62
9.06.2024,13:00,36.62
9.06.2024,14:00,49.7
9.06.2024,15:00,46.6
9.06.2024,16:00,54.36
9.06.2024,17:00,75.27
9.06.2024,18:00,80.76
9.06.2024,19:00,78.9
9.06.2024,20:00,81.56
9.06.2024,21:00,80.76
9.06.2024,22:00,75.27
9.06.2024,23:00,72.29
10.06.2024,00:00,76
10.06.2024,01:00,76
10.06.2024,02:00,73.09
10.06.2024,03:00,73.76
10.06.2024,04:00,73.31
10.06.2024,05:00,69.55
10.06.2024,06:00,63.65
10.06.2024,07:00,50.01
10.06.2024,08:00,77.48
10.06.2024,09:00,74.37
10.06.2024,10:00,75.27
10.06.2024,11:00,77.72
10.06.2024,12:00,65.18
10.06.2024,13:00,74.19
10.06.2024,14:00,80.64
10.06.2024,15:00,83.87
10.06.2024,16:00,83.87
10.06.2024,17:00,83.87
10.06.2024,18:00,83.87
10.06.2024,19:00,83.87
10.06.2024,20:00,83.87
10.06.2024,21:00,83.87
10.06.2024,22:00,83.87
10.06.2024,23:00,83.87
11.06.2024,00:00,83.87
11.06.2024,01:00,83.87
11.06.2024,02:00,82.84
11.06.2024,03:00,80.76
11.06.2024,04:00,77.21
11.06.2024,05:00,72.04
11.06.2024,06:00,65.05
11.06.2024,07:00,61.04
11.06.2024,08:00,77.6
11.06.2024,09:00,82.32
11.06.2024,10:00,82.01
11.06.2024,11:00,82.84
11.06.2024,12:00,73.93
11.06.2024,13:00,79.96
11.06.2024,14:00,82.32
11.06.2024,15:00,83.87
11.06.2024,16:00,83.87
11.06.2024,17:00,83.87
11.06.2024,18:00,83.87
11.06.2024,19:00,83.87
11.06.2024,20:00,83.87
11.06.2024,21:00,83.87
11.06.2024,22:00,83.87
11.06.2024,23:00,82.29
12.06.2024,00:00,83.41
12.06.2024,01:00,83.41
12.06.2024,02:00,83.41
12.06.2024,03:00,83.41
12.06.2024,04:00,83.01
12.06.2024,05:00,81.87
12.06.2024,06:00,73.53
12.06.2024,07:00,73.52
12.06.2024,08:00,83.41
12.06.2024,09:00,83.41
12.06.2024,10:00,83.41
12.06.2024,11:00,83.41
12.06.2024,12:00,83.07
12.06.2024,13:00,83.41
12.06.2024,14:00,83.41
12.06.2024,15:00,83.41
12.06.2024,16:00,83.41
12.06.2024,17:00,83.41
12.06.2024,18:00,83.41
12.06.2024,19:00,83.41
12.06.2024,20:00,83.41
12.06.2024,21:00,83.41
12.06.2024,22:00,83.41
12.06.2024,23:00,83.41
13.06.2024,00:00,83.56
13.06.2024,01:00,83.56
13.06.2024,02:00,82.97
13.06.2024,03:00,82.94
13.06.2024,04:00,82.56
13.06.2024,05:00,81.28
13.06.2024,06:00,79.02
13.06.2024,07:00,76.57
13.06.2024,08:00,83.53
13.06.2024,09:00,83.56
13.06.2024,10:00,83.56
13.06.2024,11:00,83.56
13.06.2024,12:00,83.4
13.06.2024,13:00,83.56
13.06.2024,14:00,83.56
13.06.2024,15:00,83.56
13.06.2024,16:00,83.56
13.06.2024,17:00,83.56
13.06.2024,18:00,83.56
13.06.2024,19:00,83.56
13.06.2024,20:00,83.56
13.06.2024,21:00,83.56
13.06.2024,22:00,83.56
13.06.2024,23:00,83.56
14.06.2024,00:00,83.57
14.06.2024,01:00,83.57
14.06.2024,02:00,83.26
14.06.2024,03:00,81.34
14.06.2024,04:00,81.62
14.06.2024,05:00,80.27
14.06.2024,06:00,72.34
14.06.2024,07:00,71.75
14.06.2024,08:00,83.42
14.06.2024,09:00,83.57
14.06.2024,10:00,83.08
14.06.2024,11:00,81.62
14.06.2024,12:00,62.21
14.06.2024,13:00,54.94
14.06.2024,14:00,79.55
14.06.2024,15:00,78.87
14.06.2024,16:00,81.16
14.06.2024,17:00,82.8
14.06.2024,18:00,83.05
14.06.2024,19:00,83.57
14.06.2024,20:00,83.57
14.06.2024,21:00,83.57
14.06.2024,22:00,83.57
14.06.2024,23:00,83.19
15.06.2024,00:00,78.9
15.06.2024,01:00,73.84
15.06.2024,02:00,71.7
15.06.2024,03:00,71.36
15.06.2024,04:00,73.84
15.06.2024,05:00,71.37
15.06.2024,06:00,62.05
15.06.2024,07:00,31.02
15.06.2024,08:00,31.03
15.06.2024,09:00,32.27
15.06.2024,10:00,23.02
15.06.2024,11:00,15.51
15.06.2024,12:00,6.21
15.06.2024,13:00,3.88
15.06.2024,14:00,5.89
15.06.2024,15:00,4.87
15.06.2024,16:00,12.29
15.06.2024,17:00,46.54
15.06.2024,18:00,46.54
15.06.2024,19:00,74.43
15.06.2024,20:00,83.46
15.06.2024,21:00,83.71
15.06.2024,22:00,80.67
15.06.2024,23:00,75.31
16.06.2024,00:00,70.37
16.06.2024,01:00,45.91
16.06.2024,02:00,17.13
16.06.2024,03:00,32.35
16.06.2024,04:00,38.45
16.06.2024,05:00,32.04
16.06.2024,06:00,28.5
16.06.2024,07:00,6.16
16.06.2024,08:00,1.66
16.06.2024,09:00,0.62
16.06.2024,10:00,0.62
16.06.2024,11:00,0.43
16.06.2024,12:00,0.62
16.06.2024,13:00,0.62
16.06.2024,14:00,0.68
16.06.2024,15:00,1.73
16.06.2024,16:00,4.07
16.06.2024,17:00,4.07
16.06.2024,18:00,27.73
16.06.2024,19:00,49.14
16.06.2024,20:00,61.62
16.06.2024,21:00,77.08
16.06.2024,22:00,76.18
16.06.2024,23:00,70.86
17.06.2024,00:00,81.58
17.06.2024,01:00,73.94
17.06.2024,02:00,66.49
17.06.2024,03:00,61
17.06.2024,04:00,61.24
17.06.2024,05:00,44.33
17.06.2024,06:00,62.08
17.06.2024,07:00,43.06
17.06.2024,08:00,17.11
17.06.2024,09:00,13.46
17.06.2024,10:00,18.95
17.06.2024,11:00,6.16
17.06.2024,12:00,4.62
17.06.2024,13:00,5.42
17.06.2024,14:00,13.46
17.06.2024,15:00,15.4
17.06.2024,16:00,37.35
17.06.2024,17:00,44.55
17.06.2024,18:00,38.51
17.06.2024,19:00,61.68
17.06.2024,20:00,72.25
17.06.2024,21:00,80.1
17.06.2024,22:00,49.14
17.06.2024,23:00,32.35
18.06.2024,00:00,75.45
18.06.2024,01:00,58.38
18.06.2024,02:00,72.99
18.06.2024,03:00,45.91
18.06.2024,04:00,40.05
18.06.2024,05:00,40.05
18.06.2024,06:00,36.92
18.06.2024,07:00,36.92
18.06.2024,08:00,12.32
18.06.2024,09:00,5.61
18.06.2024,10:00,4.84
18.06.2024,11:00,3.08
18.06.2024,12:00,3.08
18.06.2024,13:00,3.42
18.06.2024,14:00,3.54
18.06.2024,15:00,6.16
18.06.2024,16:00,13.12
18.06.2024,17:00,10.97
18.06.2024,18:00,35.43
18.06.2024,19:00,61.68
18.06.2024,20:00,73.89
18.06.2024,21:00,78.9
18.06.2024,22:00,67.78
18.06.2024,23:00,40.05
19.06.2024,00:00,70.86
19.06.2024,01:00,40.05
19.06.2024,02:00,27.73
19.06.2024,03:00,40.05
19.06.2024,04:00,44.33
19.06.2024,05:00,27.73
19.06.2024,06:00,36.85
19.06.2024,07:00,7.77
19.06.2024,08:00,4.07
19.06.2024,09:00,3.7
19.06.2024,10:00,12.3
19.06.2024,11:00,4.07
19.06.2024,12:00,4.62
19.06.2024,13:00,12.3
19.06.2024,14:00,30.47
19.06.2024,15:00,27.73
19.06.2024,16:00,40.05
19.06.2024,17:00,49.56
19.06.2024,18:00,55.35
19.06.2024,19:00,77.79
19.06.2024,20:00,83.17
19.06.2024,21:00,83.18
19.06.2024,22:00,81
19.06.2024,23:00,78.53
20.06.2024,00:00,81.95
20.06.2024,01:00,80.1
20.06.2024,02:00,76.33
20.06.2024,03:00,77.79
20.06.2024,04:00,76.25
20.06.2024,05:00,67.78
20.06.2024,06:00,35.43
20.06.2024,07:00,15.4
20.06.2024,08:00,65.09
20.06.2024,09:00,80.1
20.06.2024,10:00,78.37
20.06.2024,11:00,60.63
20.06.2024,12:00,27.73
20.06.2024,13:00,61.56
20.06.2024,14:00,80.07
20.06.2024,15:00,82.19
20.06.2024,16:00,83.15
20.06.2024,17:00,82.85
20.06.2024,18:00,81.64
20.06.2024,19:00,83.18
20.06.2024,20:00,83.18
20.06.2024,21:00,83.18
20.06.2024,22:00,82.01
20.06.2024,23:00,72.2
21.06.2024,00:00,83.18
21.06.2024,01:00,79.29
21.06.2024,02:00,75.51
21.06.2024,03:00,54.78
21.06.2024,04:00,46.21
21.06.2024,05:00,40.05
21.06.2024,06:00,38.45
21.06.2024,07:00,15.4
21.06.2024,08:00,61.58
21.06.2024,09:00,42.65
21.06.2024,10:00,36.32
21.06.2024,11:00,40.05
21.06.2024,12:00,24.03
21.06.2024,13:00,40.05
21.06.2024,14:00,61.58
21.06.2024,15:00,40.05
21.06.2024,16:00,46.21
21.06.2024,17:00,58.63
21.06.2024,18:00,80.1
21.06.2024,19:00,83.12
21.06.2024,20:00,83.18
21.06.2024,21:00,83.18
21.06.2024,22:00,82.08
21.06.2024,23:00,80.1
22.06.2024,00:00,82.9
22.06.2024,01:00,81.67
22.06.2024,02:00,75.13
22.06.2024,03:00,73.07
22.06.2024,04:00,74.45
22.06.2024,05:00,79.83
22.06.2024,06:00,75.91
22.06.2024,07:00,31.48
22.06.2024,08:00,42.48
22.06.2024,09:00,45.44
22.06.2024,10:00,46.05
22.06.2024,11:00,40.31
22.06.2024,12:00,30.7
22.06.2024,13:00,42.48
22.06.2024,14:00,40.32
22.06.2024,15:00,46.05
22.06.2024,16:00,72.06
22.06.2024,17:00,76.82
22.06.2024,18:00,82.41
22.06.2024,19:00,82.9
22.06.2024,20:00,82.9
22.06.2024,21:00,82.9
22.06.2024,22:00,82.41
22.06.2024,23:00,81.34
23.06.2024,00:00,81.76
23.06.2024,01:00,74.74
23.06.2024,02:00,54.24
23.06.2024,03:00,73.31
23.06.2024,04:00,71.6
23.06.2024,05:00,60.67
23.06.2024,06:00,54.91
23.06.2024,07:00,36.55
23.06.2024,08:00,36.55
23.06.2024,09:00,36.55
23.06.2024,10:00,30.51
23.06.2024,11:00,36.55
23.06.2024,12:00,36.55
23.06.2024,13:00,45.76
23.06.2024,14:00,28.98
23.06.2024,15:00,22.53
23.06.2024,16:00,39.66
23.06.2024,17:00,60.67
23.06.2024,18:00,66.81
23.06.2024,19:00,82.29
23.06.2024,20:00,82.36
23.06.2024,21:00,82.36
23.06.2024,22:00,82.36
23.06.2024,23:00,82.36
24.06.2024,00:00,82.36
24.06.2024,01:00,82.36
24.06.2024,02:00,82.36
24.06.2024,03:00,79.31
24.06.2024,04:00,78.57
24.06.2024,05:00,72.14
24.06.2024,06:00,48.66
24.06.2024,07:00,42.68
24.06.2024,08:00,73.16
24.06.2024,09:00,81.14
24.06.2024,10:00,81.14
24.06.2024,11:00,82.36
24.06.2024,12:00,80.84
24.06.2024,13:00,82.36
24.06.2024,14:00,82.36
24.06.2024,15:00,82.36
24.06.2024,16:00,82.36
24.06.2024,17:00,82.36
24.06.2024,18:00,82.36
24.06.2024,19:00,82.36
24.06.2024,20:00,82.36
24.06.2024,21:00,82.36
24.06.2024,22:00,82.36
24.06.2024,23:00,82.36
25.06.2024,00:00,82.36
25.06.2024,01:00,82.36
25.06.2024,02:00,82.36
25.06.2024,03:00,78.37
25.06.2024,04:00,81.88
25.06.2024,05:00,72.6
25.06.2024,06:00,57.65
25.06.2024,07:00,42.4
25.06.2024,08:00,66.35
25.06.2024,09:00,75.96
25.06.2024,10:00,77.83
25.06.2024,11:00,79.31
25.06.2024,12:00,62.19
25.06.2024,13:00,74.4
25.06.2024,14:00,82.36
25.06.2024,15:00,82.36
25.06.2024,16:00,82.36
25.06.2024,17:00,82.36
25.06.2024,18:00,82.36
25.06.2024,19:00,82.36
25.06.2024,20:00,82.36
25.06.2024,21:00,82.36
25.06.2024,22:00,82.36
25.06.2024,23:00,82.36
26.06.2024,00:00,82.3
26.06.2024,01:00,78.97
26.06.2024,02:00,70.47
26.06.2024,03:00,59.99
26.06.2024,04:00,70.87
26.06.2024,05:00,60.87
26.06.2024,06:00,35.94
26.06.2024,07:00,42.67
26.06.2024,08:00,74.65
26.06.2024,09:00,79.25
26.06.2024,10:00,72.54
26.06.2024,11:00,72.54
26.06.2024,12:00,53.45
26.06.2024,13:00,72.16
26.06.2024,14:00,75.82
26.06.2024,15:00,80.44
26.06.2024,16:00,79.17
26.06.2024,17:00,82.3
26.06.2024,18:00,82.3
26.06.2024,19:00,82.3
26.06.2024,20:00,82.3
26.06.2024,21:00,82.3
26.06.2024,22:00,82.3
26.06.2024,23:00,82.15
27.06.2024,00:00,75.53
27.06.2024,01:00,73.52
27.06.2024,02:00,72.95
27.06.2024,03:00,72.95
27.06.2024,04:00,72.95
27.06.2024,05:00,69.81
27.06.2024,06:00,57.6
27.06.2024,07:00,48.89
27.06.2024,08:00,75.44
27.06.2024,09:00,80.54
27.06.2024,10:00,80.78
27.06.2024,11:00,80.78
27.06.2024,12:00,71.43
27.06.2024,13:00,77.9
27.06.2024,14:00,82.06
27.06.2024,15:00,82.03
27.06.2024,16:00,81.58
27.06.2024,17:00,82.06
27.06.2024,18:00,82.06
27.06.2024,19:00,82.06
27.06.2024,20:00,82.06
27.06.2024,21:00,82.06
27.06.2024,22:00,82.06
27.06.2024,23:00,82.06
28.06.2024,00:00,82.06
28.06.2024,01:00,82.06
28.06.2024,02:00,82.06
28.06.2024,03:00,80.51
28.06.2024,04:00,79.02
28.06.2024,05:00,72.3
28.06.2024,06:00,69.81
28.06.2024,07:00,62.21
28.06.2024,08:00,80.84
28.06.2024,09:00,82.06
28.06.2024,10:00,81.45
28.06.2024,11:00,79.02
28.06.2024,12:00,60.78
28.06.2024,13:00,57.59
28.06.2024,14:00,72.3
28.06.2024,15:00,72.3
28.06.2024,16:00,75.81
28.06.2024,17:00,74.31
28.06.2024,18:00,72.94
28.06.2024,19:00,78.15
28.06.2024,20:00,80.84
28.06.2024,21:00,80.84
28.06.2024,22:00,75.03
28.06.2024,23:00,67.03
29.06.2024,00:00,82.06
29.06.2024,01:00,79.17
29.06.2024,02:00,71.56
29.06.2024,03:00,58.64
29.06.2024,04:00,69.25
29.06.2024,05:00,73.08
29.06.2024,06:00,55.02
29.06.2024,07:00,18.67
29.06.2024,08:00,41.86
29.06.2024,09:00,45.06
29.06.2024,10:00,39.58
29.06.2024,11:00,38.06
29.06.2024,12:00,7.61
29.06.2024,13:00,28.9
29.06.2024,14:00,57.85
29.06.2024,15:00,45.67
29.06.2024,16:00,57.95
29.06.2024,17:00,65.31
29.06.2024,18:00,80.69
29.06.2024,19:00,81.73
29.06.2024,20:00,82.21
29.06.2024,21:00,82.21
29.06.2024,22:00,80.63
29.06.2024,23:00,75.57
30.06.2024,00:00,80.67
30.06.2024,01:00,82.25
30.06.2024,02:00,76.92
30.06.2024,03:00,68.94
30.06.2024,04:00,67.02
30.06.2024,05:00,69.52
30.06.2024,06:00,56.36
30.06.2024,07:00,36.4
30.06.2024,08:00,7.62
30.06.2024,09:00,6.09
30.06.2024,10:00,3.38
30.06.2024,11:00,3.41
30.06.2024,12:00,3.38
30.06.2024,13:00,4.57
30.06.2024,14:00,25.88
30.06.2024,15:00,15.23
30.06.2024,16:00,39.6
30.06.2024,17:00,57.88
30.06.2024,18:00,65.29
30.06.2024,19:00,80.7
30.06.2024,20:00,82.25
30.06.2024,21:00,82.25
30.06.2024,22:00,70.07
30.06.2024,23:00,73.87
1.07.2024,00:00,88.34
1.07.2024,01:00,74.64
1.07.2024,02:00,60.93
1.07.2024,03:00,68.7
1.07.2024,04:00,73.11
1.07.2024,05:00,68.7
1.07.2024,06:00,41.89
1.07.2024,07:00,32.2
1.07.2024,08:00,82.25
1.07.2024,09:00,89.75
1.07.2024,10:00,85.3
1.07.2024,11:00,80.68
1.07.2024,12:00,60.93
1.07.2024,13:00,76.45
1.07.2024,14:00,82.25
1.07.2024,15:00,85.29
1.07.2024,16:00,89.33
1.07.2024,17:00,91.39
1.07.2024,18:00,91.39
1.07.2024,19:00,91.39
1.07.2024,20:00,91.39
1.07.2024,21:00,91.39
1.07.2024,22:00,91.39
1.07.2024,23:00,89.33
2.07.2024,00:00,89.87
2.07.2024,01:00,88.34
2.07.2024,02:00,77.79
2.07.2024,03:00,74.64
2.07.2024,04:00,76.62
2.07.2024,05:00,80.68
2.07.2024,06:00,68.22
2.07.2024,07:00,60.93
2.07.2024,08:00,88.34
2.07.2024,09:00,90.48
2.07.2024,10:00,89.87
2.07.2024,11:00,89.87
2.07.2024,12:00,82.25
2.07.2024,13:00,89.87
2.07.2024,14:00,91.39
2.07.2024,15:00,91.39
2.07.2024,16:00,91.39
2.07.2024,17:00,91.39
2.07.2024,18:00,91.39
2.07.2024,19:00,91.39
2.07.2024,20:00,91.39
2.07.2024,21:00,91.39
2.07.2024,22:00,91.39
2.07.2024,23:00,91.39
3.07.2024,00:00,91.97
3.07.2024,01:00,91.97
3.07.2024,02:00,91.97
3.07.2024,03:00,91.97
3.07.2024,04:00,91.05
3.07.2024,05:00,90.43
3.07.2024,06:00,76.64
3.07.2024,07:00,68.28
3.07.2024,08:00,91.05
3.07.2024,09:00,91.05
3.07.2024,10:00,90.43
3.07.2024,11:00,85.84
3.07.2024,12:00,63.61
3.07.2024,13:00,66.24
3.07.2024,14:00,85.83
3.07.2024,15:00,89.69
3.07.2024,16:00,88.9
3.07.2024,17:00,91.05
3.07.2024,18:00,91.66
3.07.2024,19:00,91.97
3.07.2024,20:00,91.97
3.07.2024,21:00,91.97
3.07.2024,22:00,91.97
3.07.2024,23:00,91.05
4.07.2024,00:00,91.94
4.07.2024,01:00,91.33
4.07.2024,02:00,90.26
4.07.2024,03:00,84.28
4.07.2024,04:00,88.88
4.07.2024,05:00,84.28
4.07.2024,06:00,75.09
4.07.2024,07:00,70.43
4.07.2024,08:00,91.46
4.07.2024,09:00,91.94
4.07.2024,10:00,91.94
4.07.2024,11:00,91.33
4.07.2024,12:00,88.88
4.07.2024,13:00,91.53
4.07.2024,14:00,91.94
4.07.2024,15:00,91.94
4.07.2024,16:00,91.94
4.07.2024,17:00,91.94
4.07.2024,18:00,91.94
4.07.2024,19:00,91.94
4.07.2024,20:00,91.94
4.07.2024,21:00,91.94
4.07.2024,22:00,91.94
4.07.2024,23:00,91.94
5.07.2024,00:00,92.33
5.07.2024,01:00,92.33
5.07.2024,02:00,92.33
5.07.2024,03:00,90.15
5.07.2024,04:00,89.25
5.07.2024,05:00,80.02
5.07.2024,06:00,70.7
5.07.2024,07:00,62.17
5.07.2024,08:00,90.17
5.07.2024,09:00,90.79
5.07.2024,10:00,89.25
5.07.2024,11:00,83.1
5.07.2024,12:00,61.47
5.07.2024,13:00,58.32
5.07.2024,14:00,80.02
5.07.2024,15:00,76.94
5.07.2024,16:00,66.94
5.07.2024,17:00,78.69
5.07.2024,18:00,78.29
5.07.2024,19:00,89.25
5.07.2024,20:00,90.79
5.07.2024,21:00,90.15
5.07.2024,22:00,76.94
5.07.2024,23:00,64.63
6.07.2024,00:00,90.02
6.07.2024,01:00,75.38
6.07.2024,02:00,64.61
6.07.2024,03:00,53.01
6.07.2024,04:00,81.84
6.07.2024,05:00,80.31
6.07.2024,06:00,70.77
6.07.2024,07:00,32.31
6.07.2024,08:00,77
6.07.2024,09:00,61.84
6.07.2024,10:00,42.31
6.07.2024,11:00,30.77
6.07.2024,12:00,29.23
6.07.2024,13:00,32.31
6.07.2024,14:00,43.79
6.07.2024,15:00,36.92
6.07.2024,16:00,54.61
6.07.2024,17:00,53.84
6.07.2024,18:00,86.15
6.07.2024,19:00,89.23
6.07.2024,20:00,90.77
6.07.2024,21:00,90.02
6.07.2024,22:00,74.35
6.07.2024,23:00,70.77
7.07.2024,00:00,85.8
7.07.2024,01:00,70.43
7.07.2024,02:00,62.3
7.07.2024,03:00,76.31
7.07.2024,04:00,78.18
7.07.2024,05:00,76.62
7.07.2024,06:00,61.29
7.07.2024,07:00,39.81
7.07.2024,08:00,22.98
7.07.2024,09:00,32.18
7.07.2024,10:00,32.18
7.07.2024,11:00,30.98
7.07.2024,12:00,13.4
7.07.2024,13:00,39.81
7.07.2024,14:00,44.94
7.07.2024,15:00,30.65
7.07.2024,16:00,42.14
7.07.2024,17:00,55.13
7.07.2024,18:00,86.58
7.07.2024,19:00,90.37
7.07.2024,20:00,90.41
7.07.2024,21:00,90.41
7.07.2024,22:00,63.14
7.07.2024,23:00,62.06
8.07.2024,00:00,85.8
8.07.2024,01:00,76.62
8.07.2024,02:00,70.49
8.07.2024,03:00,57.19
8.07.2024,04:00,48.73
8.07.2024,05:00,48.73
8.07.2024,06:00,48.88
8.07.2024,07:00,39.81
8.07.2024,08:00,77.38
8.07.2024,09:00,64.36
8.07.2024,10:00,73.55
8.07.2024,11:00,67.73
8.07.2024,12:00,50.77
8.07.2024,13:00,74.32
8.07.2024,14:00,81.52
8.07.2024,15:00,88.87
8.07.2024,16:00,90.37
8.07.2024,17:00,91.03
8.07.2024,18:00,89.79
8.07.2024,19:00,91.94
8.07.2024,20:00,91.94
8.07.2024,21:00,91.94
8.07.2024,22:00,90.28
8.07.2024,23:00,79.37
9.07.2024,00:00,88.87
9.07.2024,01:00,78.36
9.07.2024,02:00,65.07
9.07.2024,03:00,66.66
9.07.2024,04:00,81.75
9.07.2024,05:00,70.43
9.07.2024,06:00,51.64
9.07.2024,07:00,48.73
9.07.2024,08:00,77.81
9.07.2024,09:00,82.75
9.07.2024,10:00,76.56
9.07.2024,11:00,64.36
9.07.2024,12:00,55.16
9.07.2024,13:00,74.29
9.07.2024,14:00,85.75
9.07.2024,15:00,86.58
9.07.2024,16:00,89.66
9.07.2024,17:00,91.94
9.07.2024,18:00,91.94
9.07.2024,19:00,91.94
9.07.2024,20:00,91.94
9.07.2024,21:00,91.94
9.07.2024,22:00,91.01
9.07.2024,23:00,85.81
10.07.2024,00:00,91.3
10.07.2024,01:00,89.77
10.07.2024,02:00,82.66
10.07.2024,03:00,73.8
10.07.2024,04:00,73.14
10.07.2024,05:00,73.14
10.07.2024,06:00,64.61
10.07.2024,07:00,58.21
10.07.2024,08:00,82.66
10.07.2024,09:00,87.67
10.07.2024,10:00,82.66
10.07.2024,11:00,88.85
10.07.2024,12:00,71.94
10.07.2024,13:00,89.75
10.07.2024,14:00,91.91
10.07.2024,15:00,91.91
10.07.2024,16:00,91.91
10.07.2024,17:00,91.91
10.07.2024,18:00,91.91
10.07.2024,19:00,91.91
10.07.2024,20:00,91.91
10.07.2024,21:00,91.91
10.07.2024,22:00,91.91
10.07.2024,23:00,89.77
11.07.2024,00:00,91.64
11.07.2024,01:00,90.08
11.07.2024,02:00,84
11.07.2024,03:00,74.84
11.07.2024,04:00,74.84
11.07.2024,05:00,74.84
11.07.2024,06:00,68.99
11.07.2024,07:00,67.15
11.07.2024,08:00,90.08
11.07.2024,09:00,91.64
11.07.2024,10:00,90.11
11.07.2024,11:00,86.86
11.07.2024,12:00,77.8
11.07.2024,13:00,89.48
11.07.2024,14:00,91.64
11.07.2024,15:00,91.64
11.07.2024,16:00,91.64
11.07.2024,17:00,91.64
11.07.2024,18:00,91.64
11.07.2024,19:00,91.64
11.07.2024,20:00,91.64
11.07.2024,21:00,91.64
11.07.2024,22:00,91.64
11.07.2024,23:00,91.64
12.07.2024,00:00,91.23
12.07.2024,01:00,91.23
12.07.2024,02:00,88.19
12.07.2024,03:00,76.5
12.07.2024,04:00,74.14
12.07.2024,05:00,70.98
12.07.2024,06:00,62.01
12.07.2024,07:00,60.82
12.07.2024,08:00,88.19
12.07.2024,09:00,89.71
12.07.2024,10:00,89.4
12.07.2024,11:00,86.67
12.07.2024,12:00,70.98
12.07.2024,13:00,74.14
12.07.2024,14:00,88.01
12.07.2024,15:00,89.71
12.07.2024,16:00,88.04
12.07.2024,17:00,88.19
12.07.2024,18:00,89.1
12.07.2024,19:00,89.71
12.07.2024,20:00,91.23
12.07.2024,21:00,91.23
12.07.2024,22:00,89.1
12.07.2024,23:00,85.15
13.07.2024,00:00,91.33
13.07.2024,01:00,89.81
13.07.2024,02:00,84.29
13.07.2024,03:00,74.39
13.07.2024,04:00,75.96
13.07.2024,05:00,74.65
13.07.2024,06:00,70.89
13.07.2024,07:00,48.41
13.07.2024,08:00,77.44
13.07.2024,09:00,77.44
13.07.2024,10:00,71.45
13.07.2024,11:00,66.76
13.07.2024,12:00,48.41
13.07.2024,13:00,66.45
13.07.2024,14:00,80.98
13.07.2024,15:00,82.43
13.07.2024,16:00,71.45
13.07.2024,17:00,77.64
13.07.2024,18:00,89.81
13.07.2024,19:00,91.33
13.07.2024,20:00,91.33
13.07.2024,21:00,91.33
13.07.2024,22:00,89.81
13.07.2024,23:00,88.29
14.07.2024,00:00,89.04
14.07.2024,01:00,83.21
14.07.2024,02:00,74.36
14.07.2024,03:00,66.83
14.07.2024,04:00,75.02
14.07.2024,05:00,86.61
14.07.2024,06:00,77.13
14.07.2024,07:00,30.36
14.07.2024,08:00,30.39
14.07.2024,09:00,40.89
14.07.2024,10:00,30.39
14.07.2024,11:00,37.96
14.07.2024,12:00,15.19
14.07.2024,13:00,47.06
14.07.2024,14:00,44.19
14.07.2024,15:00,47.06
14.07.2024,16:00,66.83
14.07.2024,17:00,66.83
14.07.2024,18:00,60.72
14.07.2024,19:00,77.13
14.07.2024,20:00,91.14
14.07.2024,21:00,91.17
14.07.2024,22:00,86.61
14.07.2024,23:00,75.89
15.07.2024,00:00,76.58
15.07.2024,01:00,68.28
15.07.2024,02:00,63.82
15.07.2024,03:00,71.32
15.07.2024,04:00,75.62
15.07.2024,05:00,80.47
15.07.2024,06:00,69.54
15.07.2024,07:00,31.91
15.07.2024,08:00,63.82
15.07.2024,09:00,77.49
15.07.2024,10:00,57.59
15.07.2024,11:00,45.58
15.07.2024,12:00,40.7
15.07.2024,13:00,45.58
15.07.2024,14:00,72.29
15.07.2024,15:00,76.28
15.07.2024,16:00,76.28
15.07.2024,17:00,75.62
15.07.2024,18:00,89.04
15.07.2024,19:00,91.17
15.07.2024,20:00,91.17
15.07.2024,21:00,91.17
15.07.2024,22:00,89.59
15.07.2024,23:00,88.13
16.07.2024,00:00,81.61
16.07.2024,01:00,75.31
16.07.2024,02:00,72.41
16.07.2024,03:00,71.32
16.07.2024,04:00,70.63
16.07.2024,05:00,70.63
16.07.2024,06:00,45.58
16.07.2024,07:00,44.81
16.07.2024,08:00,78.34
16.07.2024,09:00,88.13
16.07.2024,10:00,85.09
16.07.2024,11:00,84.7
16.07.2024,12:00,66.83
16.07.2024,13:00,85.09
16.07.2024,14:00,91.14
16.07.2024,15:00,91.17
16.07.2024,16:00,91.14
16.07.2024,17:00,91.17
16.07.2024,18:00,91.17
16.07.2024,19:00,91.17
16.07.2024,20:00,91.17
16.07.2024,21:00,91.17
16.07.2024,22:00,91.17
16.07.2024,23:00,89.61
17.07.2024,00:00,91.11
17.07.2024,01:00,86.61
17.07.2024,02:00,82.01
17.07.2024,03:00,67.43
17.07.2024,04:00,73.96
17.07.2024,05:00,73.96
17.07.2024,06:00,68.28
17.07.2024,07:00,45.58
17.07.2024,08:00,88.13
17.07.2024,09:00,89.65
17.07.2024,10:00,88.13
17.07.2024,11:00,86.3
17.07.2024,12:00,73.96
17.07.2024,13:00,85.09
17.07.2024,14:00,91.17
17.07.2024,15:00,91.17
17.07.2024,16:00,91.17
17.07.2024,17:00,91.17
17.07.2024,18:00,91.17
17.07.2024,19:00,91.17
17.07.2024,20:00,91.17
17.07.2024,21:00,91.17
17.07.2024,22:00,91.11
17.07.2024,23:00,88.06
18.07.2024,00:00,89.21
18.07.2024,01:00,81.76
18.07.2024,02:00,68.07
18.07.2024,03:00,71.58
18.07.2024,04:00,71.47
18.07.2024,05:00,71.58
18.07.2024,06:00,45.42
18.07.2024,07:00,60.56
18.07.2024,08:00,87.82
18.07.2024,09:00,89.27
18.07.2024,10:00,87.82
18.07.2024,11:00,87.82
18.07.2024,12:00,74.35
18.07.2024,13:00,84.79
18.07.2024,14:00,89.27
18.07.2024,15:00,89.32
18.07.2024,16:00,89.33
18.07.2024,17:00,90.85
18.07.2024,18:00,89.33
18.07.2024,19:00,90.85
18.07.2024,20:00,90.85
18.07.2024,21:00,90.85
18.07.2024,22:00,89.33
18.07.2024,23:00,87.82
19.07.2024,00:00,90.8
19.07.2024,01:00,88.66
19.07.2024,02:00,83.04
19.07.2024,03:00,77.18
19.07.2024,04:00,73.04
19.07.2024,05:00,75.38
19.07.2024,06:00,67.28
19.07.2024,07:00,45.4
19.07.2024,08:00,84.41
19.07.2024,09:00,84.75
19.07.2024,10:00,84.41
19.07.2024,11:00,81.72
19.07.2024,12:00,62.05
19.07.2024,13:00,63.17
19.07.2024,14:00,87.78
19.07.2024,15:00,89.29
19.07.2024,16:00,90.2
19.07.2024,17:00,90.8
19.07.2024,18:00,90.8
19.07.2024,19:00,90.8
19.07.2024,20:00,90.8
19.07.2024,21:00,90.8
19.07.2024,22:00,90.8
19.07.2024,23:00,88.66
20.07.2024,00:00,90.8
20.07.2024,01:00,89.29
20.07.2024,02:00,87.78
20.07.2024,03:00,81.72
20.07.2024,04:00,79.73
20.07.2024,05:00,72.3
20.07.2024,06:00,72.3
20.07.2024,07:00,60.53
20.07.2024,08:00,80.12
20.07.2024,09:00,72.78
20.07.2024,10:00,72.3
20.07.2024,11:00,72.64
20.07.2024,12:00,57.51
20.07.2024,13:00,62.89
20.07.2024,14:00,75.67
20.07.2024,15:00,81.72
20.07.2024,16:00,84.75
20.07.2024,17:00,87.78
20.07.2024,18:00,90.8
20.07.2024,19:00,90.8
20.07.2024,20:00,90.8
20.07.2024,21:00,90.8
20.07.2024,22:00,90.8
20.07.2024,23:00,90.8
21.07.2024,00:00,90.9
21.07.2024,01:00,89.35
21.07.2024,02:00,83.96
21.07.2024,03:00,81.2
21.07.2024,04:00,74.92
21.07.2024,05:00,81.81
21.07.2024,06:00,76.5
21.07.2024,07:00,79.07
21.07.2024,08:00,81.17
21.07.2024,09:00,73.59
21.07.2024,10:00,70.45
21.07.2024,11:00,56.09
21.07.2024,12:00,45.45
21.07.2024,13:00,60.6
21.07.2024,14:00,72.38
21.07.2024,15:00,75.14
21.07.2024,16:00,74.32
21.07.2024,17:00,88.76
21.07.2024,18:00,90.9
21.07.2024,19:00,90.9
21.07.2024,20:00,90.9
21.07.2024,21:00,90.9
21.07.2024,22:00,90.9
21.07.2024,23:00,90.9
22.07.2024,00:00,90.9
22.07.2024,01:00,90.9
22.07.2024,02:00,90.9
22.07.2024,03:00,89.69
22.07.2024,04:00,89.38
22.07.2024,05:00,87.87
22.07.2024,06:00,84.84
22.07.2024,07:00,74.23
22.07.2024,08:00,90.9
22.07.2024,09:00,90.9
22.07.2024,10:00,90.9
22.07.2024,11:00,90.9
22.07.2024,12:00,89.69
22.07.2024,13:00,90.9
22.07.2024,14:00,90.9
22.07.2024,15:00,90.9
22.07.2024,16:00,90.9
22.07.2024,17:00,90.9
22.07.2024,18:00,90.9
22.07.2024,19:00,90.9
22.07.2024,20:00,90.9
22.07.2024,21:00,90.9
22.07.2024,22:00,90.9
22.07.2024,23:00,90.9
23.07.2024,00:00,90.9
23.07.2024,01:00,90.9
23.07.2024,02:00,89.38
23.07.2024,03:00,87.85
23.07.2024,04:00,87.87
23.07.2024,05:00,77.27
23.07.2024,06:00,74.23
23.07.2024,07:00,66.6
23.07.2024,08:00,89.35
23.07.2024,09:00,90.9
23.07.2024,10:00,90.9
23.07.2024,11:00,89.26
23.07.2024,12:00,75.39
23.07.2024,13:00,89.3
23.07.2024,14:00,89.35
23.07.2024,15:00,90.87
23.07.2024,16:00,89.38
23.07.2024,17:00,90.9
23.07.2024,18:00,90.9
23.07.2024,19:00,90.9
23.07.2024,20:00,90.9
23.07.2024,21:00,90.9
23.07.2024,22:00,90.9
23.07.2024,23:00,89.3
24.07.2024,00:00,91.06
24.07.2024,01:00,89.85
24.07.2024,02:00,86.18
24.07.2024,03:00,78.22
24.07.2024,04:00,77.71
24.07.2024,05:00,71.3
24.07.2024,06:00,71.46
24.07.2024,07:00,57.67
24.07.2024,08:00,88.03
24.07.2024,09:00,89.51
24.07.2024,10:00,88.03
24.07.2024,11:00,86.33
24.07.2024,12:00,73.68
24.07.2024,13:00,88
24.07.2024,14:00,91.06
24.07.2024,15:00,91.06
24.07.2024,16:00,91.06
24.07.2024,17:00,91.06
24.07.2024,18:00,91.06
24.07.2024,19:00,91.06
24.07.2024,20:00,91.06
24.07.2024,21:00,91.06
24.07.2024,22:00,91.06
24.07.2024,23:00,91.06
25.07.2024,00:00,91.24
25.07.2024,01:00,91.24
25.07.2024,02:00,89.72
25.07.2024,03:00,85.16
25.07.2024,04:00,85.16
25.07.2024,05:00,74.48
25.07.2024,06:00,70.71
25.07.2024,07:00,66
25.07.2024,08:00,88.2
25.07.2024,09:00,89.72
25.07.2024,10:00,89.55
25.07.2024,11:00,89.72
25.07.2024,12:00,85.1
25.07.2024,13:00,89.94
25.07.2024,14:00,91.24
25.07.2024,15:00,91.24
25.07.2024,16:00,91.24
25.07.2024,17:00,91.24
25.07.2024,18:00,91.24
25.07.2024,19:00,91.24
25.07.2024,20:00,91.24
25.07.2024,21:00,91.24
25.07.2024,22:00,91.24
25.07.2024,23:00,91.24
26.07.2024,00:00,91.4
26.07.2024,01:00,89.53
26.07.2024,02:00,86.53
26.07.2024,03:00,76.96
26.07.2024,04:00,76.52
26.07.2024,05:00,65.15
26.07.2024,06:00,67.05
26.07.2024,07:00,64.28
26.07.2024,08:00,89.91
26.07.2024,09:00,91.43
26.07.2024,10:00,88.39
26.07.2024,11:00,86.71
26.07.2024,12:00,63
26.07.2024,13:00,64
26.07.2024,14:00,88.39
26.07.2024,15:00,88.39
26.07.2024,16:00,82.26
26.07.2024,17:00,88.39
26.07.2024,18:00,88.39
26.07.2024,19:00,91.43
26.07.2024,20:00,91.43
26.07.2024,21:00,91.43
26.07.2024,22:00,89.28
26.07.2024,23:00,83.51
27.07.2024,00:00,90.96
27.07.2024,01:00,90.96
27.07.2024,02:00,89.32
27.07.2024,03:00,87.92
27.07.2024,04:00,87.92
27.07.2024,05:00,76
27.07.2024,06:00,76.07
27.07.2024,07:00,53.06
27.07.2024,08:00,85.65
27.07.2024,09:00,87.92
27.07.2024,10:00,60.64
27.07.2024,11:00,44.87
27.07.2024,12:00,41.69
27.07.2024,13:00,44.87
27.07.2024,14:00,44.87
27.07.2024,15:00,45.48
27.07.2024,16:00,44.87
27.07.2024,17:00,44.87
27.07.2024,18:00,81.86
27.07.2024,19:00,90.96
27.07.2024,20:00,90.96
27.07.2024,21:00,90.96
27.07.2024,22:00,89.41
27.07.2024,23:00,78.73
28.07.2024,00:00,86.17
28.07.2024,01:00,74.79
28.07.2024,02:00,70.24
28.07.2024,03:00,69.78
28.07.2024,04:00,71.65
28.07.2024,05:00,75.34
28.07.2024,06:00,68.12
28.07.2024,07:00,40.79
28.07.2024,08:00,30.34
28.07.2024,09:00,30.34
28.07.2024,10:00,45.51
28.07.2024,11:00,40.79
28.07.2024,12:00,30.34
28.07.2024,13:00,45.51
28.07.2024,14:00,40.79
28.07.2024,15:00,40.79
28.07.2024,16:00,48.55
28.07.2024,17:00,66.45
28.07.2024,18:00,81.76
28.07.2024,19:00,86.51
28.07.2024,20:00,87.93
28.07.2024,21:00,86.46
28.07.2024,22:00,66.72
28.07.2024,23:00,72.08
29.07.2024,00:00,75.79
29.07.2024,01:00,74.43
29.07.2024,02:00,72.82
29.07.2024,03:00,72.82
29.07.2024,04:00,68.12
29.07.2024,05:00,65.08
29.07.2024,06:00,68.27
29.07.2024,07:00,53.1
29.07.2024,08:00,76.06
29.07.2024,09:00,87.99
29.07.2024,10:00,81.89
29.07.2024,11:00,81.89
29.07.2024,12:00,64.69
29.07.2024,13:00,77.22
29.07.2024,14:00,77.52
29.07.2024,15:00,68.15
29.07.2024,16:00,78.73
29.07.2024,17:00,89.45
29.07.2024,18:00,91.02
29.07.2024,19:00,91.02
29.07.2024,20:00,91.02
29.07.2024,21:00,91.02
29.07.2024,22:00,89.82
29.07.2024,23:00,87.99
30.07.2024,00:00,91.02
30.07.2024,01:00,90.99
30.07.2024,02:00,85.71
30.07.2024,03:00,75.7
30.07.2024,04:00,75.56
30.07.2024,05:00,71.09
30.07.2024,06:00,60.68
30.07.2024,07:00,45.51
30.07.2024,08:00,84.66
30.07.2024,09:00,87.99
30.07.2024,10:00,75.52
30.07.2024,11:00,71.09
30.07.2024,12:00,45.51
30.07.2024,13:00,57.19
30.07.2024,14:00,73.58
30.07.2024,15:00,81.59
30.07.2024,16:00,81.77
30.07.2024,17:00,87.99
30.07.2024,18:00,90.99
30.07.2024,19:00,91.02
30.07.2024,20:00,91.02
30.07.2024,21:00,91.02
30.07.2024,22:00,87.99
30.07.2024,23:00,81.77
31.07.2024,00:00,81.1
31.07.2024,01:00,81.1
31.07.2024,02:00,75.54
31.07.2024,03:00,70.37
31.07.2024,04:00,67.09
31.07.2024,05:00,60.7
31.07.2024,06:00,53.11
31.07.2024,07:00,60.7
31.07.2024,08:00,81.61
31.07.2024,09:00,81.61
31.07.2024,10:00,60.7
31.07.2024,11:00,66.01
31.07.2024,12:00,45.52
31.07.2024,13:00,63.64
31.07.2024,14:00,76.63
31.07.2024,15:00,84.97
31.07.2024,16:00,82.57
31.07.2024,17:00,88.01
31.07.2024,18:00,89.53
31.07.2024,19:00,91.04
31.07.2024,20:00,91.04
31.07.2024,21:00,91.04
31.07.2024,22:00,89.61
31.07.2024,23:00,83.25
1.08.2024,00:00,87.8
1.08.2024,01:00,83.26
1.08.2024,02:00,68.15
1.08.2024,03:00,74.17
1.08.2024,04:00,69.04
1.08.2024,05:00,56.92
1.08.2024,06:00,63.4
1.08.2024,07:00,52.98
1.08.2024,08:00,80.37
1.08.2024,09:00,87.8
1.08.2024,10:00,72.66
1.08.2024,11:00,68
1.08.2024,12:00,62.91
1.08.2024,13:00,77.2
1.08.2024,14:00,89.31
1.08.2024,15:00,89.41
1.08.2024,16:00,89.29
1.08.2024,17:00,89.29
1.08.2024,18:00,90
1.08.2024,19:00,90.8
1.08.2024,20:00,90.83
1.08.2024,21:00,90.58
1.08.2024,22:00,89.66
1.08.2024,23:00,89.29
2.08.2024,00:00,89.15
2.08.2024,01:00,87.66
2.08.2024,02:00,81.61
2.08.2024,03:00,76.68
2.08.2024,04:00,74.78
2.08.2024,05:00,68.52
2.08.2024,06:00,63.48
2.08.2024,07:00,63.3
2.08.2024,08:00,89.15
2.08.2024,09:00,89.16
2.08.2024,10:00,87.35
2.08.2024,11:00,78.59
2.08.2024,12:00,60.45
2.08.2024,13:00,61.96
2.08.2024,14:00,89.14
2.08.2024,15:00,89.17
2.08.2024,16:00,89.15
2.08.2024,17:00,89.92
2.08.2024,18:00,90.68
2.08.2024,19:00,90.68
2.08.2024,20:00,90.68
2.08.2024,21:00,90.68
2.08.2024,22:00,90.68
2.08.2024,23:00,89.17
3.08.2024,00:00,90.69
3.08.2024,01:00,90.69
3.08.2024,02:00,90.39
3.08.2024,03:00,89.18
3.08.2024,04:00,89.06
3.08.2024,05:00,87.34
3.08.2024,06:00,75.58
3.08.2024,07:00,66.51
3.08.2024,08:00,84.65
3.08.2024,09:00,84.65
3.08.2024,10:00,65.75
3.08.2024,11:00,57.15
3.08.2024,12:00,52.9
3.08.2024,13:00,60.46
3.08.2024,14:00,63.49
3.08.2024,15:00,68.2
3.08.2024,16:00,60.46
3.08.2024,17:00,88.4
3.08.2024,18:00,90.69
3.08.2024,19:00,90.69
3.08.2024,20:00,90.69
3.08.2024,21:00,90.69
3.08.2024,22:00,90.69
3.08.2024,23:00,90.69
4.08.2024,00:00,89.89
4.08.2024,01:00,88.84
4.08.2024,02:00,88.23
4.08.2024,03:00,87.68
4.08.2024,04:00,85.26
4.08.2024,05:00,83.11
4.08.2024,06:00,85.26
4.08.2024,07:00,77.09
4.08.2024,08:00,77.1
4.08.2024,09:00,50.55
4.08.2024,10:00,41.57
4.08.2024,11:00,40.67
4.08.2024,12:00,40.67
4.08.2024,13:00,52.91
4.08.2024,14:00,82.23
4.08.2024,15:00,83.53
4.08.2024,16:00,77.01
4.08.2024,17:00,88.03
4.08.2024,18:00,89.94
4.08.2024,19:00,90.7
4.08.2024,20:00,90.7
4.08.2024,21:00,90.7
4.08.2024,22:00,90.4
4.08.2024,23:00,88.76
5.08.2024,00:00,87.72
5.08.2024,01:00,84.31
5.08.2024,02:00,66.88
5.08.2024,03:00,70.18
5.08.2024,04:00,67.87
5.08.2024,05:00,59.5
5.08.2024,06:00,52.91
5.08.2024,07:00,61.98
5.08.2024,08:00,85.56
5.08.2024,09:00,83.14
5.08.2024,10:00,80.06
5.08.2024,11:00,81.63
5.08.2024,12:00,63.16
5.08.2024,13:00,73.91
5.08.2024,14:00,88.16
5.08.2024,15:00,89.19
5.08.2024,16:00,88.58
5.08.2024,17:00,89.24
5.08.2024,18:00,90.7
5.08.2024,19:00,90.7
5.08.2024,20:00,90.7
5.08.2024,21:00,90.7
5.08.2024,22:00,89.19
5.08.2024,23:00,87.92
6.08.2024,00:00,87.87
6.08.2024,01:00,87.68
6.08.2024,02:00,84.62
6.08.2024,03:00,75.24
6.08.2024,04:00,75.24
6.08.2024,05:00,75.24
6.08.2024,06:00,61.98
6.08.2024,07:00,61.98
6.08.2024,08:00,87.68
6.08.2024,09:00,85.56
6.08.2024,10:00,84.31
6.08.2024,11:00,78.61
6.08.2024,12:00,62.82
6.08.2024,13:00,80.72
6.08.2024,14:00,87.91
6.08.2024,15:00,90.37
6.08.2024,16:00,88.89
6.08.2024,17:00,90.7
6.08.2024,18:00,90.7
6.08.2024,19:00,90.7
6.08.2024,20:00,90.7
6.08.2024,21:00,90.7
6.08.2024,22:00,90.7
6.08.2024,23:00,88.54
7.08.2024,00:00,89.88
7.08.2024,01:00,87.83
7.08.2024,02:00,85.7
7.08.2024,03:00,73.67
7.08.2024,04:00,72.39
7.08.2024,05:00,72.92
7.08.2024,06:00,55.67
7.08.2024,07:00,55.67
7.08.2024,08:00,82.69
7.08.2024,09:00,80.85
7.08.2024,10:00,72.16
7.08.2024,11:00,75.17
7.08.2024,12:00,61.64
7.08.2024,13:00,74.03
7.08.2024,14:00,85.7
7.08.2024,15:00,82.36
7.08.2024,16:00,79.98
7.08.2024,17:00,80.85
7.08.2024,18:00,85.7
7.08.2024,19:00,88.08
7.08.2024,20:00,88.7
7.08.2024,21:00,87.2
7.08.2024,22:00,86.25
7.08.2024,23:00,82.69
8.08.2024,00:00,86.92
8.08.2024,01:00,85.06
8.08.2024,02:00,80.48
8.08.2024,03:00,75.16
8.08.2024,04:00,71.36
8.08.2024,05:00,69.44
8.08.2024,06:00,57.4
8.08.2024,07:00,55.43
8.08.2024,08:00,84.73
8.08.2024,09:00,84.73
8.08.2024,10:00,77.85
8.08.2024,11:00,77.85
8.08.2024,12:00,61.38
8.08.2024,13:00,72.61
8.08.2024,14:00,84.58
8.08.2024,15:00,83.84
8.08.2024,16:00,86.32
8.08.2024,17:00,87.73
8.08.2024,18:00,88.33
8.08.2024,19:00,89.82
8.08.2024,20:00,89.82
8.08.2024,21:00,89.52
8.08.2024,22:00,87.61
8.08.2024,23:00,84.91
9.08.2024,00:00,87.11
9.08.2024,01:00,86.58
9.08.2024,02:00,80.43
9.08.2024,03:00,74.58
9.08.2024,04:00,70.91
9.08.2024,05:00,70.91
9.08.2024,06:00,61.2
9.08.2024,07:00,61.2
9.08.2024,08:00,84.49
9.08.2024,09:00,80.01
9.08.2024,10:00,79.08
9.08.2024,11:00,82.07
9.08.2024,12:00,55.27
9.08.2024,13:00,59.71
9.08.2024,14:00,80.47
9.08.2024,15:00,85.05
9.08.2024,16:00,83.33
9.08.2024,17:00,86.58
9.08.2024,18:00,87.2
9.08.2024,19:00,88.07
9.08.2024,20:00,89.41
9.08.2024,21:00,87.33
9.08.2024,22:00,86.58
9.08.2024,23:00,79.83
10.08.2024,00:00,88.2
10.08.2024,01:00,86.7
10.08.2024,02:00,82.11
10.08.2024,03:00,77.73
10.08.2024,04:00,73.14
10.08.2024,05:00,79.19
10.08.2024,06:00,76.24
10.08.2024,07:00,64.28
10.08.2024,08:00,73.14
10.08.2024,09:00,73.14
10.08.2024,10:00,71.73
10.08.2024,11:00,63.8
10.08.2024,12:00,44.85
10.08.2024,13:00,55.35
10.08.2024,14:00,69.79
10.08.2024,15:00,71.73
10.08.2024,16:00,72.96
10.08.2024,17:00,77.7
10.08.2024,18:00,86.7
10.08.2024,19:00,89.36
10.08.2024,20:00,88.95
10.08.2024,21:00,86.7
10.08.2024,22:00,83.52
10.08.2024,23:00,74.37
11.08.2024,00:00,79.16
11.08.2024,01:00,71.37
11.08.2024,02:00,61.27
11.08.2024,03:00,71.37
11.08.2024,04:00,71.37
11.08.2024,05:00,74.17
11.08.2024,06:00,55.33
11.08.2024,07:00,37.36
11.08.2024,08:00,37.36
11.08.2024,09:00,40.29
11.08.2024,10:00,17.93
11.08.2024,11:00,13.33
11.08.2024,12:00,6.9
11.08.2024,13:00,17.93
11.08.2024,14:00,37.21
11.08.2024,15:00,13.33
11.08.2024,16:00,55.33
11.08.2024,17:00,63.78
11.08.2024,18:00,83.68
11.08.2024,19:00,88.91
11.08.2024,20:00,89.66
11.08.2024,21:00,89.66
11.08.2024,22:00,83.68
11.08.2024,23:00,74.58
12.08.2024,00:00,77.71
12.08.2024,01:00,67.99
12.08.2024,02:00,61.27
12.08.2024,03:00,71.13
12.08.2024,04:00,55.33
12.08.2024,05:00,55.33
12.08.2024,06:00,55.33
12.08.2024,07:00,64.26
12.08.2024,08:00,85.18
12.08.2024,09:00,80.21
12.08.2024,10:00,67.99
12.08.2024,11:00,71.73
12.08.2024,12:00,56.64
12.08.2024,13:00,67.1
12.08.2024,14:00,80.66
12.08.2024,15:00,85.18
12.08.2024,16:00,83.68
12.08.2024,17:00,85.18
12.08.2024,18:00,86.67
12.08.2024,19:00,88.91
12.08.2024,20:00,89.66
12.08.2024,21:00,87.87
12.08.2024,22:00,83.68
12.08.2024,23:00,80.24
13.08.2024,00:00,80.57
13.08.2024,01:00,78.24
13.08.2024,02:00,73.22
13.08.2024,03:00,68.74
13.08.2024,04:00,65
13.08.2024,05:00,62.76
13.08.2024,06:00,64.26
13.08.2024,07:00,61.66
13.08.2024,08:00,86.64
13.08.2024,09:00,86.64
13.08.2024,10:00,80.64
13.08.2024,11:00,80.27
13.08.2024,12:00,64.08
13.08.2024,13:00,70.17
13.08.2024,14:00,86.64
13.08.2024,15:00,87.55
13.08.2024,16:00,86.67
13.08.2024,17:00,89.66
13.08.2024,18:00,89.66
13.08.2024,19:00,89.66
13.08.2024,20:00,89.66
13.08.2024,21:00,89.66
13.08.2024,22:00,87.93
13.08.2024,23:00,86.64
14.08.2024,00:00,86.58
14.08.2024,01:00,83.62
14.08.2024,02:00,79.45
14.08.2024,03:00,75.2
14.08.2024,04:00,71.66
14.08.2024,05:00,71.12
14.08.2024,06:00,64.96
14.08.2024,07:00,64.96
14.08.2024,08:00,86.58
14.08.2024,09:00,86.58
14.08.2024,10:00,83.62
14.08.2024,11:00,83.57
14.08.2024,12:00,64.15
14.08.2024,13:00,70.12
14.08.2024,14:00,85.45
14.08.2024,15:00,85.86
14.08.2024,16:00,86.58
14.08.2024,17:00,88.1
14.08.2024,18:00,89.59
14.08.2024,19:00,89.59
14.08.2024,20:00,89.59
14.08.2024,21:00,89.59
14.08.2024,22:00,87.48
14.08.2024,23:00,83.59
15.08.2024,00:00,86.59
15.08.2024,01:00,83.6
15.08.2024,02:00,76.14
15.08.2024,03:00,69.19
15.08.2024,04:00,68.67
15.08.2024,05:00,64.94
15.08.2024,06:00,63.83
15.08.2024,07:00,55.27
15.08.2024,08:00,83.6
15.08.2024,09:00,86.56
15.08.2024,10:00,74.64
15.08.2024,11:00,74.3
15.08.2024,12:00,61.21
15.08.2024,13:00,69.43
15.08.2024,14:00,82.11
15.08.2024,15:00,83.6
15.08.2024,16:00,83.6
15.08.2024,17:00,86.62
15.08.2024,18:00,87.87
15.08.2024,19:00,89.57
15.08.2024,20:00,89.57
15.08.2024,21:00,88.08
15.08.2024,22:00,86.59
15.08.2024,23:00,83.49
16.08.2024,00:00,86.58
16.08.2024,01:00,82.87
16.08.2024,02:00,76.03
16.08.2024,03:00,73.11
16.08.2024,04:00,72.42
16.08.2024,05:00,71.25
16.08.2024,06:00,56.59
16.08.2024,07:00,58.77
16.08.2024,08:00,85.08
16.08.2024,09:00,85.49
16.08.2024,10:00,62.72
16.08.2024,11:00,59.73
16.08.2024,12:00,44.8
16.08.2024,13:00,44.8
16.08.2024,14:00,67.14
16.08.2024,15:00,75.41
16.08.2024,16:00,76.03
16.08.2024,17:00,83.62
16.08.2024,18:00,86.58
16.08.2024,19:00,89.26
16.08.2024,20:00,89.59
16.08.2024,21:00,86.95
16.08.2024,22:00,83.62
16.08.2024,23:00,70.08
17.08.2024,00:00,83.4
17.08.2024,01:00,75.21
17.08.2024,02:00,70
17.08.2024,03:00,64.78
17.08.2024,04:00,70
17.08.2024,05:00,71.94
17.08.2024,06:00,74.46
17.08.2024,07:00,64.78
17.08.2024,08:00,83.4
17.08.2024,09:00,77.44
17.08.2024,10:00,70
17.08.2024,11:00,64.78
17.08.2024,12:00,44.68
17.08.2024,13:00,56.44
17.08.2024,14:00,59.57
17.08.2024,15:00,64.78
17.08.2024,16:00,67.02
17.08.2024,17:00,80.42
17.08.2024,18:00,86.34
17.08.2024,19:00,89.35
17.08.2024,20:00,89.35
17.08.2024,21:00,89.35
17.08.2024,22:00,86.92
17.08.2024,23:00,79.49
18.08.2024,00:00,83.31
18.08.2024,01:00,77.36
18.08.2024,02:00,71.41
18.08.2024,03:00,72.15
18.08.2024,04:00,70.77
18.08.2024,05:00,60.25
18.08.2024,06:00,77.33
18.08.2024,07:00,69.17
18.08.2024,08:00,59.5
18.08.2024,09:00,48.53
18.08.2024,10:00,40.91
18.08.2024,11:00,40.91
18.08.2024,12:00,39.4
18.08.2024,13:00,56.38
18.08.2024,14:00,59.56
18.08.2024,15:00,72.15
18.08.2024,16:00,64.71
18.08.2024,17:00,72.74
18.08.2024,18:00,89.26
18.08.2024,19:00,89.26
18.08.2024,20:00,89.26
18.08.2024,21:00,89.26
18.08.2024,22:00,89.26
18.08.2024,23:00,87.52
19.08.2024,00:00,86.25
19.08.2024,01:00,78.36
19.08.2024,02:00,75.39
19.08.2024,03:00,64.71
19.08.2024,04:00,72.74
19.08.2024,05:00,71.32
19.08.2024,06:00,64.71
19.08.2024,07:00,59.56
19.08.2024,08:00,78.36
19.08.2024,09:00,84.76
19.08.2024,10:00,83.28
19.08.2024,11:00,84.1
19.08.2024,12:00,69.77
19.08.2024,13:00,80.54
19.08.2024,14:00,87.29
19.08.2024,15:00,87.55
19.08.2024,16:00,87.47
19.08.2024,17:00,89.26
19.08.2024,18:00,89.26
19.08.2024,19:00,89.26
19.08.2024,20:00,89.26
19.08.2024,21:00,89.26
19.08.2024,22:00,89.26
19.08.2024,23:00,88.93
20.08.2024,00:00,89.26
20.08.2024,01:00,86.69
20.08.2024,02:00,85.35
20.08.2024,03:00,77.36
20.08.2024,04:00,79.97
20.08.2024,05:00,79.97
20.08.2024,06:00,59.51
20.08.2024,07:00,59.5
20.08.2024,08:00,85.35
20.08.2024,09:00,86.25
20.08.2024,10:00,85.35
20.08.2024,11:00,81.79
20.08.2024,12:00,66.53
20.08.2024,13:00,77.33
20.08.2024,14:00,86.25
20.08.2024,15:00,87.47
20.08.2024,16:00,89.26
20.08.2024,17:00,89.26
20.08.2024,18:00,89.26
20.08.2024,19:00,89.26
20.08.2024,20:00,89.26
20.08.2024,21:00,89.26
20.08.2024,22:00,89.26
20.08.2024,23:00,87.29
21.08.2024,00:00,88.38
21.08.2024,01:00,87.54
21.08.2024,02:00,83.17
21.08.2024,03:00,79.57
21.08.2024,04:00,79.57
21.08.2024,05:00,79.57
21.08.2024,06:00,66.83
21.08.2024,07:00,63.32
21.08.2024,08:00,86.14
21.08.2024,09:00,87.66
21.08.2024,10:00,87.36
21.08.2024,11:00,87.66
21.08.2024,12:00,77.23
21.08.2024,13:00,86.58
21.08.2024,14:00,87.66
21.08.2024,15:00,88.67
21.08.2024,16:00,86.96
21.08.2024,17:00,89.15
21.08.2024,18:00,89.15
21.08.2024,19:00,89.15
21.08.2024,20:00,89.15
21.08.2024,21:00,89.15
21.08.2024,22:00,88.85
21.08.2024,23:00,86.18
22.08.2024,00:00,87.38
22.08.2024,01:00,85.93
22.08.2024,02:00,81.88
22.08.2024,03:00,64.45
22.08.2024,04:00,64.45
22.08.2024,05:00,66.6
22.08.2024,06:00,62.08
22.08.2024,07:00,59.23
22.08.2024,08:00,81.33
22.08.2024,09:00,85.87
22.08.2024,10:00,82.63
22.08.2024,11:00,82.63
22.08.2024,12:00,65.12
22.08.2024,13:00,76.68
22.08.2024,14:00,82.94
22.08.2024,15:00,85.93
22.08.2024,16:00,85.96
22.08.2024,17:00,87.29
22.08.2024,18:00,88.84
22.08.2024,19:00,88.89
22.08.2024,20:00,88.89
22.08.2024,21:00,88.89
22.08.2024,22:00,86.97
22.08.2024,23:00,82.63
23.08.2024,00:00,87.45
23.08.2024,01:00,87.13
23.08.2024,02:00,76.48
23.08.2024,03:00,71.42
23.08.2024,04:00,59.09
23.08.2024,05:00,60.57
23.08.2024,06:00,63.46
23.08.2024,07:00,60.92
23.08.2024,08:00,76.82
23.08.2024,09:00,86.2
23.08.2024,10:00,82.73
23.08.2024,11:00,78.12
23.08.2024,12:00,64.2
23.08.2024,13:00,65.95
23.08.2024,14:00,87.04
23.08.2024,15:00,86.55
23.08.2024,16:00,85.89
23.08.2024,17:00,86.16
23.08.2024,18:00,86.68
23.08.2024,19:00,87.13
23.08.2024,20:00,87.45
23.08.2024,21:00,85.65
23.08.2024,22:00,85.53
23.08.2024,23:00,66.42
24.08.2024,00:00,88.62
24.08.2024,01:00,88.62
24.08.2024,02:00,82.72
24.08.2024,03:00,72.89
24.08.2024,04:00,76.81
24.08.2024,05:00,70.87
24.08.2024,06:00,55.98
24.08.2024,07:00,55.98
24.08.2024,08:00,84.31
24.08.2024,09:00,85.64
24.08.2024,10:00,82.06
24.08.2024,11:00,71.33
24.08.2024,12:00,55.98
24.08.2024,13:00,62.01
24.08.2024,14:00,67.95
24.08.2024,15:00,71.91
24.08.2024,16:00,64.11
24.08.2024,17:00,67.21
24.08.2024,18:00,85.64
24.08.2024,19:00,88.33
24.08.2024,20:00,88.62
24.08.2024,21:00,87.73
24.08.2024,22:00,80.72
24.08.2024,23:00,75.84
25.08.2024,00:00,84.1
25.08.2024,01:00,73.78
25.08.2024,02:00,64.89
25.08.2024,03:00,58.99
25.08.2024,04:00,58.99
25.08.2024,05:00,74.79
25.08.2024,06:00,67.84
25.08.2024,07:00,55.92
25.08.2024,08:00,55.92
25.08.2024,09:00,55.92
25.08.2024,10:00,39.79
25.08.2024,11:00,40.58
25.08.2024,12:00,14.76
25.08.2024,13:00,55.92
25.08.2024,14:00,55.92
25.08.2024,15:00,55.92
25.08.2024,16:00,67.84
25.08.2024,17:00,84.1
25.08.2024,18:00,85.57
25.08.2024,19:00,88.53
25.08.2024,20:00,88.53
25.08.2024,21:00,87.61
25.08.2024,22:00,79.68
25.08.2024,23:00,74.46
26.08.2024,00:00,82.6
26.08.2024,01:00,61.94
26.08.2024,02:00,55.92
26.08.2024,03:00,74.51
26.08.2024,04:00,59.76
26.08.2024,05:00,65.22
26.08.2024,06:00,59.76
26.08.2024,07:00,59.76
26.08.2024,08:00,67.14
26.08.2024,09:00,67.14
26.08.2024,10:00,64.95
26.08.2024,11:00,67.87
26.08.2024,12:00,59.76
26.08.2024,13:00,73.78
26.08.2024,14:00,86.94
26.08.2024,15:00,88.24
26.08.2024,16:00,85.55
26.08.2024,17:00,85.58
26.08.2024,18:00,87.06
26.08.2024,19:00,88.53
26.08.2024,20:00,88.53
26.08.2024,21:00,85.58
26.08.2024,22:00,85.55
26.08.2024,23:00,75.77
27.08.2024,00:00,85.58
27.08.2024,01:00,82.63
27.08.2024,02:00,79.68
27.08.2024,03:00,70.83
27.08.2024,04:00,71.19
27.08.2024,05:00,59.02
27.08.2024,06:00,64.92
27.08.2024,07:00,59.02
27.08.2024,08:00,81.55
27.08.2024,09:00,82.04
27.08.2024,10:00,75.39
27.08.2024,11:00,67.76
27.08.2024,12:00,60.5
27.08.2024,13:00,74.22
27.08.2024,14:00,82.63
27.08.2024,15:00,85.58
27.08.2024,16:00,85.58
27.08.2024,17:00,88.53
27.08.2024,18:00,88.53
27.08.2024,19:00,88.53
27.08.2024,20:00,88.53
27.08.2024,21:00,88.53
27.08.2024,22:00,87.86
27.08.2024,23:00,81
28.08.2024,00:00,83.19
28.08.2024,01:00,79.53
28.08.2024,02:00,76.23
28.08.2024,03:00,64.84
28.08.2024,04:00,60.42
28.08.2024,05:00,61.9
28.08.2024,06:00,59.69
28.08.2024,07:00,58.95
28.08.2024,08:00,71.04
28.08.2024,09:00,81.86
28.08.2024,10:00,77.91
28.08.2024,11:00,76.58
28.08.2024,12:00,59.01
28.08.2024,13:00,74.42
28.08.2024,14:00,84.99
28.08.2024,15:00,86.06
28.08.2024,16:00,86.95
28.08.2024,17:00,88.42
28.08.2024,18:00,88.42
28.08.2024,19:00,88.42
28.08.2024,20:00,88.42
28.08.2024,21:00,88.42
28.08.2024,22:00,88.13
28.08.2024,23:00,81.86
29.08.2024,00:00,82.79
29.08.2024,01:00,80.88
29.08.2024,02:00,79.51
29.08.2024,03:00,64.05
29.08.2024,04:00,64.79
29.08.2024,05:00,68.03
29.08.2024,06:00,58.9
29.08.2024,07:00,58.9
29.08.2024,08:00,81.61
29.08.2024,09:00,76.86
29.08.2024,10:00,70.97
29.08.2024,11:00,64.79
29.08.2024,12:00,58.9
29.08.2024,13:00,75.26
29.08.2024,14:00,83.19
29.08.2024,15:00,87.34
29.08.2024,16:00,85.37
29.08.2024,17:00,88.35
29.08.2024,18:00,88.35
29.08.2024,19:00,88.35
29.08.2024,20:00,88.35
29.08.2024,21:00,88.35
29.08.2024,22:00,85.37
29.08.2024,23:00,81.61
30.08.2024,00:00,88.33
30.08.2024,01:00,79.56
30.08.2024,02:00,73.42
30.08.2024,03:00,64.78
30.08.2024,04:00,72.86
30.08.2024,05:00,71.06
30.08.2024,06:00,71.06
30.08.2024,07:00,61.09
30.08.2024,08:00,82.1
30.08.2024,09:00,81.27
30.08.2024,10:00,58.83
30.08.2024,11:00,58.83
30.08.2024,12:00,54.47
30.08.2024,13:00,58.83
30.08.2024,14:00,60.36
30.08.2024,15:00,66.13
30.08.2024,16:00,66.72
30.08.2024,17:00,87.33
30.08.2024,18:00,88.33
30.08.2024,19:00,88.33
30.08.2024,20:00,88.33
30.08.2024,21:00,88.33
30.08.2024,22:00,86.86
30.08.2024,23:00,79.2
31.08.2024,00:00,78.97
31.08.2024,01:00,78.17
31.08.2024,02:00,72.02
31.08.2024,03:00,60.43
31.08.2024,04:00,58.96
31.08.2024,05:00,72.58
31.08.2024,06:00,70.99
31.08.2024,07:00,66.41
31.08.2024,08:00,76.64
31.08.2024,09:00,71.69
31.08.2024,10:00,66.27
31.08.2024,11:00,58.99
31.08.2024,12:00,44.22
31.08.2024,13:00,63.38
31.08.2024,14:00,71.48
31.08.2024,15:00,76.64
31.08.2024,16:00,76.64
31.08.2024,17:00,84.01
31.08.2024,18:00,88.43
31.08.2024,19:00,88.43
31.08.2024,20:00,88.43
31.08.2024,21:00,85.46
31.08.2024,22:00,80.42
31.08.2024,23:00,68.1
1.09.2024,00:00,79.25
1.09.2024,01:00,78.12
1.09.2024,02:00,78.23
1.09.2024,03:00,76.61
1.09.2024,04:00,69.48
1.09.2024,05:00,76.11
1.09.2024,06:00,84.01
1.09.2024,07:00,58.9
1.09.2024,08:00,58.9
1.09.2024,09:00,44.22
1.09.2024,10:00,39.78
1.09.2024,11:00,48.08
1.09.2024,12:00,29.48
1.09.2024,13:00,48.08
1.09.2024,14:00,76.05
1.09.2024,15:00,70.73
1.09.2024,16:00,73.67
1.09.2024,17:00,84.01
1.09.2024,18:00,88.14
1.09.2024,19:00,88.43
1.09.2024,20:00,88.43
1.09.2024,21:00,88.16
1.09.2024,22:00,85.49
1.09.2024,23:00,83.85
2.09.2024,00:00,80.9
2.09.2024,01:00,77.63
2.09.2024,02:00,73.26
2.09.2024,03:00,58.9
2.09.2024,04:00,59.52
2.09.2024,05:00,66.27
2.09.2024,06:00,66.18
2.09.2024,07:00,70.6
2.09.2024,08:00,85.34
2.09.2024,09:00,81.8
2.09.2024,10:00,79.59
2.09.2024,11:00,80.87
2.09.2024,12:00,64.79
2.09.2024,13:00,80.87
2.09.2024,14:00,83.71
2.09.2024,15:00,84.75
2.09.2024,16:00,86.81
2.09.2024,17:00,88.43
2.09.2024,18:00,88.43
2.09.2024,19:00,88.43
2.09.2024,20:00,88.43
2.09.2024,21:00,88.43
2.09.2024,22:00,83.96
2.09.2024,23:00,80.87
3.09.2024,00:00,86.96
3.09.2024,01:00,84.01
3.09.2024,02:00,80.82
3.09.2024,03:00,69.27
3.09.2024,04:00,69.68
3.09.2024,05:00,73.04
3.09.2024,06:00,67.77
3.09.2024,07:00,61.05
3.09.2024,08:00,84.01
3.09.2024,09:00,80.82
3.09.2024,10:00,80.82
3.09.2024,11:00,73.04
3.09.2024,12:00,61.05
3.09.2024,13:00,71.48
3.09.2024,14:00,81.67
3.09.2024,15:00,85.49
3.09.2024,16:00,86.67
3.09.2024,17:00,87.84
3.09.2024,18:00,87.84
3.09.2024,19:00,87.7
3.09.2024,20:00,87.55
3.09.2024,21:00,84.01
3.09.2024,22:00,75.18
3.09.2024,23:00,69.17
4.09.2024,00:00,83.73
4.09.2024,01:00,79.6
4.09.2024,02:00,70.49
4.09.2024,03:00,69.28
4.09.2024,04:00,70.76
4.09.2024,05:00,71.49
4.09.2024,06:00,69.94
4.09.2024,07:00,60.94
4.09.2024,08:00,73.61
4.09.2024,09:00,67.78
4.09.2024,10:00,64.86
4.09.2024,11:00,64.67
4.09.2024,12:00,58.93
4.09.2024,13:00,65.97
4.09.2024,14:00,73.24
4.09.2024,15:00,79.6
4.09.2024,16:00,79.6
4.09.2024,17:00,84.76
4.09.2024,18:00,85.47
4.09.2024,19:00,86.68
4.09.2024,20:00,86.97
4.09.2024,21:00,84.02
4.09.2024,22:00,73.7
4.09.2024,23:00,63.39
5.09.2024,00:00,76.54
5.09.2024,01:00,73.58
5.09.2024,02:00,64.18
5.09.2024,03:00,60.17
5.09.2024,04:00,62.8
5.09.2024,05:00,67.84
5.09.2024,06:00,60.85
5.09.2024,07:00,62.8
5.09.2024,08:00,79.68
5.09.2024,09:00,76.82
5.09.2024,10:00,73.58
5.09.2024,11:00,73.58
5.09.2024,12:00,58.96
5.09.2024,13:00,70.65
5.09.2024,14:00,84.1
5.09.2024,15:00,86.46
5.09.2024,16:00,81.15
5.09.2024,17:00,85.58
5.09.2024,18:00,86.46
5.09.2024,19:00,87.05
5.09.2024,20:00,87.05
5.09.2024,21:00,84.1
5.09.2024,22:00,76.54
5.09.2024,23:00,73.77
6.09.2024,00:00,77.52
6.09.2024,01:00,75.05
6.09.2024,02:00,73
6.09.2024,03:00,64.02
6.09.2024,04:00,64.02
6.09.2024,05:00,68.44
6.09.2024,06:00,62.64
6.09.2024,07:00,58.87
6.09.2024,08:00,82.38
6.09.2024,09:00,78
6.09.2024,10:00,73.56
6.09.2024,11:00,81.93
6.09.2024,12:00,62.59
6.09.2024,13:00,67.85
6.09.2024,14:00,83.89
6.09.2024,15:00,85.17
6.09.2024,16:00,83.89
6.09.2024,17:00,86.25
6.09.2024,18:00,88.09
6.09.2024,19:00,88.31
6.09.2024,20:00,88.31
6.09.2024,21:00,85.36
6.09.2024,22:00,79.58
6.09.2024,23:00,77.52
7.09.2024,00:00,88.47
7.09.2024,01:00,85.52
7.09.2024,02:00,77.56
7.09.2024,03:00,71.44
7.09.2024,04:00,76.52
7.09.2024,05:00,79.62
7.09.2024,06:00,67.71
7.09.2024,07:00,54.76
7.09.2024,08:00,67.71
7.09.2024,09:00,84.02
7.09.2024,10:00,79.62
7.09.2024,11:00,63.4
7.09.2024,12:00,47.16
7.09.2024,13:00,59.02
7.09.2024,14:00,67.71
7.09.2024,15:00,67.71
7.09.2024,16:00,60.13
7.09.2024,17:00,79.62
7.09.2024,18:00,87
7.09.2024,19:00,88.47
7.09.2024,20:00,88.15
7.09.2024,21:00,84.05
7.09.2024,22:00,79.68
7.09.2024,23:00,71.6
8.09.2024,00:00,74.06
8.09.2024,01:00,70.81
8.09.2024,02:00,67.74
8.09.2024,03:00,70.07
8.09.2024,04:00,67.12
8.09.2024,05:00,60.66
8.09.2024,06:00,54.79
8.09.2024,07:00,50.2
8.09.2024,08:00,29.5
8.09.2024,09:00,20.45
8.09.2024,10:00,8.84
8.09.2024,11:00,6.93
8.09.2024,12:00,7.35
8.09.2024,13:00,29.5
8.09.2024,14:00,49.71
8.09.2024,15:00,37.56
8.09.2024,16:00,29.5
8.09.2024,17:00,54.79
8.09.2024,18:00,59.01
8.09.2024,19:00,74.06
8.09.2024,20:00,82.58
8.09.2024,21:00,78.19
8.09.2024,22:00,76.07
8.09.2024,23:00,74.4
9.09.2024,00:00,77.61
9.09.2024,01:00,70.84
9.09.2024,02:00,60.48
9.09.2024,03:00,58.98
9.09.2024,04:00,54.79
9.09.2024,05:00,64.85
9.09.2024,06:00,64.91
9.09.2024,07:00,63.43
9.09.2024,08:00,84.5
9.09.2024,09:00,66.86
9.09.2024,10:00,61.96
9.09.2024,11:00,69.22
9.09.2024,12:00,59.01
9.09.2024,13:00,68.83
9.09.2024,14:00,85.53
9.09.2024,15:00,85.56
9.09.2024,16:00,86.92
9.09.2024,17:00,88.51
9.09.2024,18:00,88.51
9.09.2024,19:00,88.51
9.09.2024,20:00,88.51
9.09.2024,21:00,88.51
9.09.2024,22:00,85.56
9.09.2024,23:00,79.69
10.09.2024,00:00,85.53
10.09.2024,01:00,79.61
10.09.2024,02:00,70.88
10.09.2024,03:00,60.66
10.09.2024,04:00,66.24
10.09.2024,05:00,79.56
10.09.2024,06:00,70.44
10.09.2024,07:00,67.22
10.09.2024,08:00,85.53
10.09.2024,09:00,79.66
10.09.2024,10:00,73.76
10.09.2024,11:00,71.21
10.09.2024,12:00,58.98
10.09.2024,13:00,66.04
10.09.2024,14:00,79.45
10.09.2024,15:00,79.66
10.09.2024,16:00,79.66
10.09.2024,17:00,88.51
10.09.2024,18:00,88.51
10.09.2024,19:00,88.51
10.09.2024,20:00,88.51
10.09.2024,21:00,88.51
10.09.2024,22:00,85.56
10.09.2024,23:00,79.6
11.09.2024,00:00,80.8
11.09.2024,01:00,75.07
11.09.2024,02:00,61.82
11.09.2024,03:00,63.24
11.09.2024,04:00,58.85
11.09.2024,05:00,68.68
11.09.2024,06:00,67.31
11.09.2024,07:00,63.24
11.09.2024,08:00,78.57
11.09.2024,09:00,73.6
11.09.2024,10:00,61.82
11.09.2024,11:00,58.85
11.09.2024,12:00,54.67
11.09.2024,13:00,60.79
11.09.2024,14:00,66.71
11.09.2024,15:00,77.36
11.09.2024,16:00,82.37
11.09.2024,17:00,88.32
11.09.2024,18:00,88.32
11.09.2024,19:00,88.32
11.09.2024,20:00,88.32
11.09.2024,21:00,88.32
11.09.2024,22:00,85.38
11.09.2024,23:00,79.16
12.09.2024,00:00,79.4
12.09.2024,01:00,71.01
12.09.2024,02:00,63.28
12.09.2024,03:00,58.81
12.09.2024,04:00,60.31
12.09.2024,05:00,69.51
12.09.2024,06:00,68.37
12.09.2024,07:00,66.14
12.09.2024,08:00,79.4
12.09.2024,09:00,76.16
12.09.2024,10:00,69.51
12.09.2024,11:00,69.51
12.09.2024,12:00,54.63
12.09.2024,13:00,65.57
12.09.2024,14:00,77.56
12.09.2024,15:00,79.4
12.09.2024,16:00,79.4
12.09.2024,17:00,88.26
12.09.2024,18:00,88.26
12.09.2024,19:00,88.26
12.09.2024,20:00,88.26
12.09.2024,21:00,88.23
12.09.2024,22:00,76.79
12.09.2024,23:00,73.67
13.09.2024,00:00,87.95
13.09.2024,01:00,85.15
13.09.2024,02:00,78.82
13.09.2024,03:00,71.45
13.09.2024,04:00,69.64
13.09.2024,05:00,71.71
13.09.2024,06:00,69.47
13.09.2024,07:00,67.68
13.09.2024,08:00,80.78
13.09.2024,09:00,73.6
13.09.2024,10:00,71.71
13.09.2024,11:00,71.71
13.09.2024,12:00,54.51
13.09.2024,13:00,54.51
13.09.2024,14:00,70.62
13.09.2024,15:00,71.71
13.09.2024,16:00,73.66
13.09.2024,17:00,87.95
13.09.2024,18:00,88.39
13.09.2024,19:00,88.39
13.09.2024,20:00,88.39
13.09.2024,21:00,88.1
13.09.2024,22:00,76.51
13.09.2024,23:00,59.99
14.09.2024,00:00,85.23
14.09.2024,01:00,79.65
14.09.2024,02:00,80.96
14.09.2024,03:00,76.7
14.09.2024,04:00,73.22
14.09.2024,05:00,79.93
14.09.2024,06:00,75.66
14.09.2024,07:00,59
14.09.2024,08:00,76.7
14.09.2024,09:00,70.71
14.09.2024,10:00,58.97
14.09.2024,11:00,54.94
14.09.2024,12:00,29.5
14.09.2024,13:00,42.04
14.09.2024,14:00,58.97
14.09.2024,15:00,58.97
14.09.2024,16:00,63.43
14.09.2024,17:00,85.55
14.09.2024,18:00,87.02
14.09.2024,19:00,88.5
14.09.2024,20:00,88.5
14.09.2024,21:00,88.35
14.09.2024,22:00,80.96
14.09.2024,23:00,73.75
15.09.2024,00:00,87.24
15.09.2024,01:00,84.74
15.09.2024,02:00,60.49
15.09.2024,03:00,56.04
15.09.2024,04:00,59.06
15.09.2024,05:00,70.85
15.09.2024,06:00,79.55
15.09.2024,07:00,59.05
15.09.2024,08:00,55.07
15.09.2024,09:00,52.27
15.09.2024,10:00,37.58
15.09.2024,11:00,29.57
15.09.2024,12:00,22.77
15.09.2024,13:00,37.58
15.09.2024,14:00,42.14
15.09.2024,15:00,29.57
15.09.2024,16:00,55.07
15.09.2024,17:00,68.02
15.09.2024,18:00,85.76
15.09.2024,19:00,88.72
15.09.2024,20:00,88.72
15.09.2024,21:00,87.24
15.09.2024,22:00,79.75
15.09.2024,23:00,73.93
16.09.2024,00:00,79.84
16.09.2024,01:00,63.58
16.09.2024,02:00,60.8
16.09.2024,03:00,55.07
16.09.2024,04:00,55.07
16.09.2024,05:00,60.49
16.09.2024,06:00,69.7
16.09.2024,07:00,69.7
16.09.2024,08:00,85.76
16.09.2024,09:00,73.87
16.09.2024,10:00,63.58
16.09.2024,11:00,66.97
16.09.2024,12:00,55.07
16.09.2024,13:00,60.49
16.09.2024,14:00,73.87
16.09.2024,15:00,73.87
16.09.2024,16:00,77.99
16.09.2024,17:00,87.53
16.09.2024,18:00,87.24
16.09.2024,19:00,88.72
16.09.2024,20:00,88.72
16.09.2024,21:00,85.73
16.09.2024,22:00,73.87
16.09.2024,23:00,71.27
17.09.2024,00:00,76.78
17.09.2024,01:00,64.32
17.09.2024,02:00,73.93
17.09.2024,03:00,66.48
17.09.2024,04:00,59.03
17.09.2024,05:00,59.03
17.09.2024,06:00,66.45
17.09.2024,07:00,69.89
17.09.2024,08:00,87.24
17.09.2024,09:00,79.64
17.09.2024,10:00,60.8
17.09.2024,11:00,63.58
17.09.2024,12:00,54.71
17.09.2024,13:00,59.03
17.09.2024,14:00,73.93
17.09.2024,15:00,71.87
17.09.2024,16:00,76.69
17.09.2024,17:00,87.24
17.09.2024,18:00,86.89
17.09.2024,19:00,88.72
17.09.2024,20:00,88.72
17.09.2024,21:00,78.31
17.09.2024,22:00,67.72
17.09.2024,23:00,58.88
18.09.2024,00:00,77.02
18.09.2024,01:00,63.44
18.09.2024,02:00,60.36
18.09.2024,03:00,59.16
18.09.2024,04:00,66.3
18.09.2024,05:00,74.54
18.09.2024,06:00,73.77
18.09.2024,07:00,59.11
18.09.2024,08:00,77.02
18.09.2024,09:00,74.07
18.09.2024,10:00,59.66
18.09.2024,11:00,59.02
18.09.2024,12:00,53.11
18.09.2024,13:00,62.7
18.09.2024,14:00,79.67
18.09.2024,15:00,76.72
18.09.2024,16:00,74.51
18.09.2024,17:00,85.97
18.09.2024,18:00,76.67
18.09.2024,19:00,85.54
18.09.2024,20:00,85.57
18.09.2024,21:00,67.13
18.09.2024,22:00,63.74
18.09.2024,23:00,58.72
19.09.2024,00:00,71.06
19.09.2024,01:00,70.65
19.09.2024,02:00,63.29
19.09.2024,03:00,58.88
19.09.2024,04:00,60.38
19.09.2024,05:00,66.09
19.09.2024,06:00,62.56
19.09.2024,07:00,61.79
19.09.2024,08:00,86.68
19.09.2024,09:00,76.67
19.09.2024,10:00,61.82
19.09.2024,11:00,67.72
19.09.2024,12:00,52.99
19.09.2024,13:00,61.79
19.09.2024,14:00,73.57
19.09.2024,15:00,70.57
19.09.2024,16:00,66.2
19.09.2024,17:00,77.96
19.09.2024,18:00,67.42
19.09.2024,19:00,76.44
19.09.2024,20:00,76.44
19.09.2024,21:00,74.33
19.09.2024,22:00,75.2
19.09.2024,23:00,71.39
20.09.2024,00:00,76.11
20.09.2024,01:00,73.19
20.09.2024,02:00,68.33
20.09.2024,03:00,60.24
20.09.2024,04:00,55.05
20.09.2024,05:00,67.48
20.09.2024,06:00,73.19
20.09.2024,07:00,66.12
20.09.2024,08:00,85.22
20.09.2024,09:00,74.94
20.09.2024,10:00,58.48
20.09.2024,11:00,68.33
20.09.2024,12:00,51.43
20.09.2024,13:00,52.16
20.09.2024,14:00,74.94
20.09.2024,15:00,74.94
20.09.2024,16:00,73.17
20.09.2024,17:00,82.28
20.09.2024,18:00,79.35
20.09.2024,19:00,85.19
20.09.2024,20:00,84.93
20.09.2024,21:00,73.17
20.09.2024,22:00,60.11
20.09.2024,23:00,52.16
21.09.2024,00:00,73.4
21.09.2024,01:00,73.4
21.09.2024,02:00,71.37
21.09.2024,03:00,66.13
21.09.2024,04:00,55.48
21.09.2024,05:00,68.67
21.09.2024,06:00,69.1
21.09.2024,07:00,41.94
21.09.2024,08:00,64.57
21.09.2024,09:00,55.48
21.09.2024,10:00,44.15
21.09.2024,11:00,44.15
21.09.2024,12:00,27.2
21.09.2024,13:00,44.15
21.09.2024,14:00,51.48
21.09.2024,15:00,51.48
21.09.2024,16:00,72.99
21.09.2024,17:00,79.44
21.09.2024,18:00,78.88
21.09.2024,19:00,85.34
21.09.2024,20:00,75.93
21.09.2024,21:00,71.37
21.09.2024,22:00,63.01
21.09.2024,23:00,51.48
22.09.2024,00:00,70.66
22.09.2024,01:00,70.66
22.09.2024,02:00,66.18
22.09.2024,03:00,62.62
22.09.2024,04:00,45.65
22.09.2024,05:00,38.01
22.09.2024,06:00,45.65
22.09.2024,07:00,39.55
22.09.2024,08:00,38.01
22.09.2024,09:00,44.15
22.09.2024,10:00,38.01
22.09.2024,11:00,29.45
22.09.2024,12:00,14.87
22.09.2024,13:00,38.01
22.09.2024,14:00,38.01
22.09.2024,15:00,29.45
22.09.2024,16:00,54.49
22.09.2024,17:00,70.66
22.09.2024,18:00,70.66
22.09.2024,19:00,81.73
22.09.2024,20:00,82.47
22.09.2024,21:00,70.69
22.09.2024,22:00,70.66
22.09.2024,23:00,70.66
23.09.2024,00:00,73.6
23.09.2024,01:00,70.6
23.09.2024,02:00,53.6
23.09.2024,03:00,55.52
23.09.2024,04:00,53.6
23.09.2024,05:00,64.8
23.09.2024,06:00,66.12
23.09.2024,07:00,63.61
23.09.2024,08:00,84.82
23.09.2024,09:00,79.52
23.09.2024,10:00,70.66
23.09.2024,11:00,65.09
23.09.2024,12:00,44.18
23.09.2024,13:00,59.11
23.09.2024,14:00,58.9
23.09.2024,15:00,72.89
23.09.2024,16:00,75.03
23.09.2024,17:00,86.53
23.09.2024,18:00,86.3
23.09.2024,19:00,88.06
23.09.2024,20:00,87.47
23.09.2024,21:00,79.62
23.09.2024,22:00,72.16
23.09.2024,23:00,60.38
24.09.2024,00:00,79.4
24.09.2024,01:00,70.6
24.09.2024,02:00,66.27
24.09.2024,03:00,53.6
24.09.2024,04:00,55.17
24.09.2024,05:00,60.56
24.09.2024,06:00,72.26
24.09.2024,07:00,70.39
24.09.2024,08:00,86.86
24.09.2024,09:00,82.47
24.09.2024,10:00,67.74
24.09.2024,11:00,53.6
24.09.2024,12:00,14.73
24.09.2024,13:00,53.6
24.09.2024,14:00,66.18
24.09.2024,15:00,75.69
24.09.2024,16:00,78.64
24.09.2024,17:00,88.36
24.09.2024,18:00,88.36
24.09.2024,19:00,88.36
24.09.2024,20:00,88.36
24.09.2024,21:00,84.33
24.09.2024,22:00,67.74
24.09.2024,23:00,61.26
25.09.2024,00:00,83.67
25.09.2024,01:00,71.9
25.09.2024,02:00,68.99
25.09.2024,03:00,68.49
25.09.2024,04:00,60.56
25.09.2024,05:00,55.78
25.09.2024,06:00,73.64
25.09.2024,07:00,72.08
25.09.2024,08:00,85.14
25.09.2024,09:00,70.37
25.09.2024,10:00,58.72
25.09.2024,11:00,69.7
25.09.2024,12:00,53.43
25.09.2024,13:00,63.89
25.09.2024,14:00,75.57
25.09.2024,15:00,77.8
25.09.2024,16:00,74.87
25.09.2024,17:00,88.07
25.09.2024,18:00,88.07
25.09.2024,19:00,88.07
25.09.2024,20:00,88.07
25.09.2024,21:00,86.55
25.09.2024,22:00,73.39
25.09.2024,23:00,66.76
26.09.2024,00:00,76.26
26.09.2024,01:00,73.43
26.09.2024,02:00,68.95
26.09.2024,03:00,66.72
26.09.2024,04:00,66.67
26.09.2024,05:00,66.67
26.09.2024,06:00,70.36
26.09.2024,07:00,70.53
26.09.2024,08:00,83.62
26.09.2024,09:00,73.14
26.09.2024,10:00,69.54
26.09.2024,11:00,60.33
26.09.2024,12:00,39.61
26.09.2024,13:00,53.4
26.09.2024,14:00,74.82
26.09.2024,15:00,75.08
26.09.2024,16:00,73.18
26.09.2024,17:00,86.56
26.09.2024,18:00,88.02
26.09.2024,19:00,88.02
26.09.2024,20:00,86.56
26.09.2024,21:00,73.18
26.09.2024,22:00,73.18
26.09.2024,23:00,63.96
27.09.2024,00:00,77.21
27.09.2024,01:00,73.34
27.09.2024,02:00,72.93
27.09.2024,03:00,65.92
27.09.2024,04:00,65.92
27.09.2024,05:00,71.7
27.09.2024,06:00,82.14
27.09.2024,07:00,74.34
27.09.2024,08:00,79.91
27.09.2024,09:00,72.93
27.09.2024,10:00,72.75
27.09.2024,11:00,73.25
27.09.2024,12:00,35.44
27.09.2024,13:00,41.34
27.09.2024,14:00,73.14
27.09.2024,15:00,68.44
27.09.2024,16:00,73.25
27.09.2024,17:00,88
27.09.2024,18:00,88
27.09.2024,19:00,88
27.09.2024,20:00,88
27.09.2024,21:00,82.87
27.09.2024,22:00,74.8
27.09.2024,23:00,73.25
28.09.2024,00:00,74.55
28.09.2024,01:00,77.54
28.09.2024,02:00,74.55
28.09.2024,03:00,74.55
28.09.2024,04:00,72.41
28.09.2024,05:00,74.55
28.09.2024,06:00,80.72
28.09.2024,07:00,72.55
28.09.2024,08:00,74.55
28.09.2024,09:00,72.94
28.09.2024,10:00,53.37
28.09.2024,11:00,53.37
28.09.2024,12:00,29.33
28.09.2024,13:00,53.37
28.09.2024,14:00,64.52
28.09.2024,15:00,64.52
28.09.2024,16:00,72.41
28.09.2024,17:00,87.98
28.09.2024,18:00,87.98
28.09.2024,19:00,87.98
28.09.2024,20:00,87.98
28.09.2024,21:00,87.98
28.09.2024,22:00,87.98
28.09.2024,23:00,75.87
29.09.2024,00:00,88
29.09.2024,01:00,85.07
29.09.2024,02:00,81.4
29.09.2024,03:00,66
29.09.2024,04:00,58.67
29.09.2024,05:00,70.34
29.09.2024,06:00,81.02
29.09.2024,07:00,85.07
29.09.2024,08:00,65.86
29.09.2024,09:00,39.44
29.09.2024,10:00,41.07
29.09.2024,11:00,29.33
29.09.2024,12:00,11.44
29.09.2024,13:00,39.44
29.09.2024,14:00,39.44
29.09.2024,15:00,41.8
29.09.2024,16:00,70.4
29.09.2024,17:00,88
29.09.2024,18:00,88
29.09.2024,19:00,88
29.09.2024,20:00,88
29.09.2024,21:00,88
29.09.2024,22:00,74.04
29.09.2024,23:00,78.47
30.09.2024,00:00,74.04
30.09.2024,01:00,74.04
30.09.2024,02:00,57.67
30.09.2024,03:00,57.67
30.09.2024,04:00,53.39
30.09.2024,05:00,53.39
30.09.2024,06:00,64.54
30.09.2024,07:00,60.57
30.09.2024,08:00,84.69
30.09.2024,09:00,73.33
30.09.2024,10:00,64.54
30.09.2024,11:00,58.67
30.09.2024,12:00,41.07
30.09.2024,13:00,53.39
30.09.2024,14:00,73.69
30.09.2024,15:00,76.92
30.09.2024,16:00,65.96
30.09.2024,17:00,84.69
30.09.2024,18:00,84.69
30.09.2024,19:00,85.07
30.09.2024,20:00,84.69
30.09.2024,21:00,67.47
30.09.2024,22:00,53.86
30.09.2024,23:00,53.39
1.10.2024,00:00,73.28
1.10.2024,01:00,61.55
1.10.2024,02:00,53.39
1.10.2024,03:00,53.39
1.10.2024,04:00,53.39
1.10.2024,05:00,64.48
1.10.2024,06:00,78.76
1.10.2024,07:00,77.74
1.10.2024,08:00,86.54
1.10.2024,09:00,78.76
1.10.2024,10:00,65.21
1.10.2024,11:00,61.55
1.10.2024,12:00,31.01
1.10.2024,13:00,53.39
1.10.2024,14:00,57.09
1.10.2024,15:00,65.96
1.10.2024,16:00,70.35
1.10.2024,17:00,81.4
1.10.2024,18:00,85.95
1.10.2024,19:00,86.54
1.10.2024,20:00,86.4
1.10.2024,21:00,78.76
1.10.2024,22:00,63.8
1.10.2024,23:00,67.38
2.10.2024,00:00,83.2
2.10.2024,01:00,76.2
2.10.2024,02:00,66.62
2.10.2024,03:00,61.9
2.10.2024,04:00,57.71
2.10.2024,05:00,61.49
2.10.2024,06:00,69.51
2.10.2024,07:00,74.74
2.10.2024,08:00,83.51
2.10.2024,09:00,58.65
2.10.2024,10:00,57.71
2.10.2024,11:00,61.49
2.10.2024,12:00,43.96
2.10.2024,13:00,61.49
2.10.2024,14:00,73.96
2.10.2024,15:00,75.43
2.10.2024,16:00,77.67
2.10.2024,17:00,85.87
2.10.2024,18:00,87.92
2.10.2024,19:00,87.92
2.10.2024,20:00,87.92
2.10.2024,21:00,85.87
2.10.2024,22:00,77.66
2.10.2024,23:00,71.83
3.10.2024,00:00,76.2
3.10.2024,01:00,73.26
3.10.2024,02:00,68.52
3.10.2024,03:00,68.52
3.10.2024,04:00,65.88
3.10.2024,05:00,68.52
3.10.2024,06:00,74.24
3.10.2024,07:00,73.26
3.10.2024,08:00,85.69
3.10.2024,09:00,76.69
3.10.2024,10:00,69.48
3.10.2024,11:00,68.52
3.10.2024,12:00,41.35
3.10.2024,13:00,60.07
3.10.2024,14:00,63.21
3.10.2024,15:00,70.28
3.10.2024,16:00,77.32
3.10.2024,17:00,87.91
3.10.2024,18:00,87.91
3.10.2024,19:00,87.91
3.10.2024,20:00,87.91
3.10.2024,21:00,87.91
3.10.2024,22:00,84.98
3.10.2024,23:00,74.73
4.10.2024,00:00,84.7
4.10.2024,01:00,73.37
4.10.2024,02:00,68.05
4.10.2024,03:00,68.05
4.10.2024,04:00,58.56
4.10.2024,05:00,61.84
4.10.2024,06:00,76.05
4.10.2024,07:00,71.21
4.10.2024,08:00,84.7
4.10.2024,09:00,65.09
4.10.2024,10:00,61.49
4.10.2024,11:00,58.59
4.10.2024,12:00,22.84
4.10.2024,13:00,29.28
4.10.2024,14:00,76.05
4.10.2024,15:00,78.55
4.10.2024,16:00,80.52
4.10.2024,17:00,87.84
4.10.2024,18:00,87.84
4.10.2024,19:00,87.84
4.10.2024,20:00,87.84
4.10.2024,21:00,86.78
4.10.2024,22:00,84.86
4.10.2024,23:00,73.2
5.10.2024,00:00,76.22
5.10.2024,01:00,76.22
5.10.2024,02:00,74.76
5.10.2024,03:00,73.14
5.10.2024,04:00,73.29
5.10.2024,05:00,80.62
5.10.2024,06:00,85.01
5.10.2024,07:00,58.63
5.10.2024,08:00,58.63
5.10.2024,09:00,58.63
5.10.2024,10:00,58.63
5.10.2024,11:00,51.3
5.10.2024,12:00,29.31
5.10.2024,13:00,46.9
5.10.2024,14:00,58.63
5.10.2024,15:00,58.63
5.10.2024,16:00,58.63
5.10.2024,17:00,86.13
5.10.2024,18:00,87.94
5.10.2024,19:00,87.94
5.10.2024,20:00,87.94
5.10.2024,21:00,87.62
5.10.2024,22:00,86.42
5.10.2024,23:00,73.29
6.10.2024,00:00,84.29
6.10.2024,01:00,83.18
6.10.2024,02:00,79.15
6.10.2024,03:00,81.2
6.10.2024,04:00,71.09
6.10.2024,05:00,68.1
6.10.2024,06:00,83.18
6.10.2024,07:00,58.58
6.10.2024,08:00,37.93
6.10.2024,09:00,29.29
6.10.2024,10:00,8.79
6.10.2024,11:00,13.18
6.10.2024,12:00,5.86
6.10.2024,13:00,5.86
6.10.2024,14:00,13.77
6.10.2024,15:00,29.29
6.10.2024,16:00,66.37
6.10.2024,17:00,87.87
6.10.2024,18:00,87.87
6.10.2024,19:00,87.87
6.10.2024,20:00,87.82
6.10.2024,21:00,84.42
6.10.2024,22:00,66.19
6.10.2024,23:00,66.19
7.10.2024,00:00,74.56
7.10.2024,01:00,74.56
7.10.2024,02:00,67.85
7.10.2024,03:00,62.98
7.10.2024,04:00,58.62
7.10.2024,05:00,72.94
7.10.2024,06:00,84.91
7.10.2024,07:00,86.3
7.10.2024,08:00,87.87
7.10.2024,09:00,80.97
7.10.2024,10:00,63.21
7.10.2024,11:00,67.85
7.10.2024,12:00,58.58
7.10.2024,13:00,65.76
7.10.2024,14:00,73.23
7.10.2024,15:00,86.29
7.10.2024,16:00,87.87
7.10.2024,17:00,87.87
7.10.2024,18:00,87.87
7.10.2024,19:00,87.87
7.10.2024,20:00,87.87
7.10.2024,21:00,87.87
7.10.2024,22:00,87.87
7.10.2024,23:00,87.87
8.10.2024,00:00,83.48
8.10.2024,01:00,76.13
8.10.2024,02:00,75.82
8.10.2024,03:00,70.97
8.10.2024,04:00,68.49
8.10.2024,05:00,70.04
8.10.2024,06:00,79.09
8.10.2024,07:00,76.11
8.10.2024,08:00,86.41
8.10.2024,09:00,75.82
8.10.2024,10:00,70.3
8.10.2024,11:00,63.21
8.10.2024,12:00,29.29
8.10.2024,13:00,58.58
8.10.2024,14:00,63.71
8.10.2024,15:00,83.48
8.10.2024,16:00,87.55
8.10.2024,17:00,87.87
8.10.2024,18:00,87.87
8.10.2024,19:00,87.87
8.10.2024,20:00,87.87
8.10.2024,21:00,87.87
8.10.2024,22:00,87.58
8.10.2024,23:00,86.82
9.10.2024,00:00,78.89
9.10.2024,01:00,74.83
9.10.2024,02:00,67.27
9.10.2024,03:00,59.96
9.10.2024,04:00,61.78
9.10.2024,05:00,67.96
9.10.2024,06:00,78.89
9.10.2024,07:00,83.95
9.10.2024,08:00,87.16
9.10.2024,09:00,81.9
9.10.2024,10:00,71.11
9.10.2024,11:00,65.72
9.10.2024,12:00,41.48
9.10.2024,13:00,58.5
9.10.2024,14:00,58.5
9.10.2024,15:00,60.14
9.10.2024,16:00,77.17
9.10.2024,17:00,87.75
9.10.2024,18:00,87.75
9.10.2024,19:00,87.75
9.10.2024,20:00,87.75
9.10.2024,21:00,86.29
9.10.2024,22:00,74.83
9.10.2024,23:00,70.6
10.10.2024,00:00,72.52
10.10.2024,01:00,67.91
10.10.2024,02:00,61.35
10.10.2024,03:00,58.46
10.10.2024,04:00,58.46
10.10.2024,05:00,66.56
10.10.2024,06:00,72.03
10.10.2024,07:00,74.2
10.10.2024,08:00,85.65
10.10.2024,09:00,74.2
10.10.2024,10:00,64.31
10.10.2024,11:00,66.63
10.10.2024,12:00,29.23
10.10.2024,13:00,58.46
10.10.2024,14:00,72.76
10.10.2024,15:00,74.54
10.10.2024,16:00,83.29
10.10.2024,17:00,87.69
10.10.2024,18:00,87.69
10.10.2024,19:00,87.69
10.10.2024,20:00,87.69
10.10.2024,21:00,86.2
10.10.2024,22:00,80.39
10.10.2024,23:00,72.52
11.10.2024,00:00,74.57
11.10.2024,01:00,73.84
11.10.2024,02:00,66.88
11.10.2024,03:00,58.49
11.10.2024,04:00,63.69
11.10.2024,05:00,58.49
11.10.2024,06:00,72.7
11.10.2024,07:00,74.23
11.10.2024,08:00,86.3
11.10.2024,09:00,79.89
11.10.2024,10:00,70.1
11.10.2024,11:00,66.48
11.10.2024,12:00,29.24
11.10.2024,13:00,30.91
11.10.2024,14:00,72.5
11.10.2024,15:00,74.57
11.10.2024,16:00,86.3
11.10.2024,17:00,87.73
11.10.2024,18:00,87.73
11.10.2024,19:00,87.73
11.10.2024,20:00,87.73
11.10.2024,21:00,87.73
11.10.2024,22:00,86.17
11.10.2024,23:00,76.25
12.10.2024,00:00,82.64
12.10.2024,01:00,76.13
12.10.2024,02:00,74.91
12.10.2024,03:00,69.2
12.10.2024,04:00,69.2
12.10.2024,05:00,74.91
12.10.2024,06:00,86.26
12.10.2024,07:00,77.54
12.10.2024,08:00,87.84
12.10.2024,09:00,80.42
12.10.2024,10:00,74.82
12.10.2024,11:00,58.56
12.10.2024,12:00,29.28
12.10.2024,13:00,48.31
12.10.2024,14:00,70.27
12.10.2024,15:00,72.56
12.10.2024,16:00,75.79
12.10.2024,17:00,86.38
12.10.2024,18:00,87.84
12.10.2024,19:00,87.84
12.10.2024,20:00,84.91
12.10.2024,21:00,73.2
12.10.2024,22:00,70.27
12.10.2024,23:00,64.66
13.10.2024,00:00,84.6
13.10.2024,01:00,85.77
13.10.2024,02:00,83.13
13.10.2024,03:00,70.25
13.10.2024,04:00,84.89
13.10.2024,05:00,84.89
13.10.2024,06:00,84.8
13.10.2024,07:00,53.74
13.10.2024,08:00,43.91
13.10.2024,09:00,35.3
13.10.2024,10:00,27.05
13.10.2024,11:00,16.28
13.10.2024,12:00,8.78
13.10.2024,13:00,41.71
13.10.2024,14:00,57.55
13.10.2024,15:00,58.54
13.10.2024,16:00,86.35
13.10.2024,17:00,87.82
13.10.2024,18:00,87.82
13.10.2024,19:00,87.82
13.10.2024,20:00,87.82
13.10.2024,21:00,87.82
13.10.2024,22:00,85.5
13.10.2024,23:00,81.29
14.10.2024,00:00,80.47
14.10.2024,01:00,72.53
14.10.2024,02:00,66.8
14.10.2024,03:00,58.54
14.10.2024,04:00,58.54
14.10.2024,05:00,58.54
14.10.2024,06:00,76.74
14.10.2024,07:00,85.59
14.10.2024,08:00,87.82
14.10.2024,09:00,87.82
14.10.2024,10:00,84.54
14.10.2024,11:00,74.86
14.10.2024,12:00,58.54
14.10.2024,13:00,59.42
14.10.2024,14:00,72.89
14.10.2024,15:00,78.3
14.10.2024,16:00,87.82
14.10.2024,17:00,87.82
14.10.2024,18:00,87.82
14.10.2024,19:00,87.82
14.10.2024,20:00,86.35
14.10.2024,21:00,75.37
14.10.2024,22:00,75.51
14.10.2024,23:00,59.42
15.10.2024,00:00,75.77
15.10.2024,01:00,70.2
15.10.2024,02:00,62.67
15.10.2024,03:00,62.67
15.10.2024,04:00,55.62
15.10.2024,05:00,62.67
15.10.2024,06:00,65.8
15.10.2024,07:00,62.64
15.10.2024,08:00,81.35
15.10.2024,09:00,66.59
15.10.2024,10:00,60.01
15.10.2024,11:00,69.43
15.10.2024,12:00,41.71
15.10.2024,13:00,60.45
15.10.2024,14:00,76.24
15.10.2024,15:00,75.4
15.10.2024,16:00,75.77
15.10.2024,17:00,86.35
15.10.2024,18:00,87.82
15.10.2024,19:00,84.86
15.10.2024,20:00,79.43
15.10.2024,21:00,82.69
15.10.2024,22:00,75.77
15.10.2024,23:00,70.25
16.10.2024,00:00,77.14
16.10.2024,01:00,77.48
16.10.2024,02:00,71.6
16.10.2024,03:00,65.58
16.10.2024,04:00,60.11
16.10.2024,05:00,57.66
16.10.2024,06:00,73.64
16.10.2024,07:00,81.52
16.10.2024,08:00,87.71
16.10.2024,09:00,81.52
16.10.2024,10:00,65.58
16.10.2024,11:00,66.31
16.10.2024,12:00,29.24
16.10.2024,13:00,48.24
16.10.2024,14:00,59.21
16.10.2024,15:00,65.72
16.10.2024,16:00,80.4
16.10.2024,17:00,87.71
16.10.2024,18:00,87.68
16.10.2024,19:00,77.14
16.10.2024,20:00,80.06
16.10.2024,21:00,63.98
16.10.2024,22:00,61.75
16.10.2024,23:00,57.57
17.10.2024,00:00,48.24
17.10.2024,01:00,47.95
17.10.2024,02:00,39.47
17.10.2024,03:00,41.66
17.10.2024,04:00,41.14
17.10.2024,05:00,47.63
17.10.2024,06:00,47.95
17.10.2024,07:00,59.21
17.10.2024,08:00,87.71
17.10.2024,09:00,72.74
17.10.2024,10:00,47.95
17.10.2024,11:00,47.95
17.10.2024,12:00,19.01
17.10.2024,13:00,29.24
17.10.2024,14:00,47.95
17.10.2024,15:00,47.95
17.10.2024,16:00,61.75
17.10.2024,17:00,85.67
17.10.2024,18:00,87.71
17.10.2024,19:00,83.33
17.10.2024,20:00,73.1
17.10.2024,21:00,63.66
17.10.2024,22:00,62.57
17.10.2024,23:00,65.13
18.10.2024,00:00,73.18
18.10.2024,01:00,71.1
18.10.2024,02:00,47.68
18.10.2024,03:00,47.68
18.10.2024,04:00,47.68
18.10.2024,05:00,52.69
18.10.2024,06:00,71.1
18.10.2024,07:00,71.1
18.10.2024,08:00,85.76
18.10.2024,09:00,71.1
18.10.2024,10:00,47.68
18.10.2024,11:00,47.68
18.10.2024,12:00,29.27
18.10.2024,13:00,41.71
18.10.2024,14:00,65.77
18.10.2024,15:00,60.01
18.10.2024,16:00,79.89
18.10.2024,17:00,87.81
18.10.2024,18:00,87.81
18.10.2024,19:00,86.35
18.10.2024,20:00,85.59
18.10.2024,21:00,80.31
18.10.2024,22:00,73.91
18.10.2024,23:00,62.93
19.10.2024,00:00,72.99
19.10.2024,01:00,64.15
19.10.2024,02:00,64.15
19.10.2024,03:00,58.62
19.10.2024,04:00,47.75
19.10.2024,05:00,60.27
19.10.2024,06:00,74.75
19.10.2024,07:00,70.35
19.10.2024,08:00,74.75
19.10.2024,09:00,58.62
19.10.2024,10:00,52.76
19.10.2024,11:00,47.75
19.10.2024,12:00,41.77
19.10.2024,13:00,45.43
19.10.2024,14:00,47.75
19.10.2024,15:00,47.75
19.10.2024,16:00,69.72
19.10.2024,17:00,80.01
19.10.2024,18:00,85.71
19.10.2024,19:00,82.07
19.10.2024,20:00,79.03
19.10.2024,21:00,77.34
19.10.2024,22:00,67.71
19.10.2024,23:00,58.83
20.10.2024,00:00,73.12
20.10.2024,01:00,70.95
20.10.2024,02:00,58.52
20.10.2024,03:00,52.66
20.10.2024,04:00,58.52
20.10.2024,05:00,70.95
20.10.2024,06:00,73.48
20.10.2024,07:00,58.43
20.10.2024,08:00,40.49
20.10.2024,09:00,40.49
20.10.2024,10:00,11.64
20.10.2024,11:00,4.97
20.10.2024,12:00,2.9
20.10.2024,13:00,4.89
20.10.2024,14:00,14.59
20.10.2024,15:00,39.29
20.10.2024,16:00,49.78
20.10.2024,17:00,81.19
20.10.2024,18:00,83.36
20.10.2024,19:00,83.36
20.10.2024,20:00,83.36
20.10.2024,21:00,62.31
20.10.2024,22:00,47.66
20.10.2024,23:00,47.66
21.10.2024,00:00,47.72
21.10.2024,01:00,47.66
21.10.2024,02:00,40.15
21.10.2024,03:00,30.72
21.10.2024,04:00,40.15
21.10.2024,05:00,47.66
21.10.2024,06:00,40.15
21.10.2024,07:00,47.66
21.10.2024,08:00,80.32
21.10.2024,09:00,58.52
21.10.2024,10:00,41.83
21.10.2024,11:00,47.66
21.10.2024,12:00,22.82
21.10.2024,13:00,46.2
21.10.2024,14:00,47.66
21.10.2024,15:00,57.61
21.10.2024,16:00,83.09
21.10.2024,17:00,87.63
21.10.2024,18:00,84.82
21.10.2024,19:00,71.65
21.10.2024,20:00,73.14
21.10.2024,21:00,70.22
21.10.2024,22:00,69.65
21.10.2024,23:00,59.63
22.10.2024,00:00,74.61
22.10.2024,01:00,71.68
22.10.2024,02:00,54.49
22.10.2024,03:00,47.66
22.10.2024,04:00,47.66
22.10.2024,05:00,58.52
22.10.2024,06:00,76.07
22.10.2024,07:00,74.43
22.10.2024,08:00,87.77
22.10.2024,09:00,82.56
22.10.2024,10:00,73.15
22.10.2024,11:00,70.22
22.10.2024,12:00,41.52
22.10.2024,13:00,47.66
22.10.2024,14:00,62.03
22.10.2024,15:00,73.49
22.10.2024,16:00,74.61
22.10.2024,17:00,84.56
22.10.2024,18:00,86.9
22.10.2024,19:00,84.85
22.10.2024,20:00,84.82
22.10.2024,21:00,73.15
22.10.2024,22:00,63.64
22.10.2024,23:00,67.88
23.10.2024,00:00,74.61
23.10.2024,01:00,72.79
23.10.2024,02:00,62.93
23.10.2024,03:00,58.72
23.10.2024,04:00,58.72
23.10.2024,05:00,72.79
23.10.2024,06:00,76.07
23.10.2024,07:00,61.44
23.10.2024,08:00,84.82
23.10.2024,09:00,70.22
23.10.2024,10:00,60.99
23.10.2024,11:00,70.22
23.10.2024,12:00,41.46
23.10.2024,13:00,58.19
23.10.2024,14:00,70.04
23.10.2024,15:00,72.56
23.10.2024,16:00,73.28
23.10.2024,17:00,87.77
23.10.2024,18:00,87.77
23.10.2024,19:00,87.77
23.10.2024,20:00,87.77
23.10.2024,21:00,85.83
23.10.2024,22:00,74.1
23.10.2024,23:00,63.17
24.10.2024,00:00,76.22
24.10.2024,01:00,72.41
24.10.2024,02:00,63.64
24.10.2024,03:00,58.51
24.10.2024,04:00,66.29
24.10.2024,05:00,55.58
24.10.2024,06:00,73.87
24.10.2024,07:00,72.61
24.10.2024,08:00,87.47
24.10.2024,09:00,76.39
24.10.2024,10:00,68.25
24.10.2024,11:00,48.27
24.10.2024,12:00,16.09
24.10.2024,13:00,41.4
24.10.2024,14:00,68.75
24.10.2024,15:00,72.61
24.10.2024,16:00,70.86
24.10.2024,17:00,78.46
24.10.2024,18:00,84.84
24.10.2024,19:00,78.46
24.10.2024,20:00,84.84
24.10.2024,21:00,80.29
24.10.2024,22:00,69.41
24.10.2024,23:00,69.41
25.10.2024,00:00,72.48
25.10.2024,01:00,69.27
25.10.2024,02:00,60.12
25.10.2024,03:00,56.29
25.10.2024,04:00,48.24
25.10.2024,05:00,65.64
25.10.2024,06:00,72.48
25.10.2024,07:00,77.32
25.10.2024,08:00,84.79
25.10.2024,09:00,76.44
25.10.2024,10:00,56.29
25.10.2024,11:00,56.29
25.10.2024,12:00,25.25
25.10.2024,13:00,41.67
25.10.2024,14:00,73.1
25.10.2024,15:00,71.4
25.10.2024,16:00,71.34
25.10.2024,17:00,87.18
25.10.2024,18:00,87.72
25.10.2024,19:00,86.25
25.10.2024,20:00,86.43
25.10.2024,21:00,81.87
25.10.2024,22:00,70.17
25.10.2024,23:00,61.75
26.10.2024,00:00,76.04
26.10.2024,01:00,76.04
26.10.2024,02:00,70.2
26.10.2024,03:00,66.28
26.10.2024,04:00,66.28
26.10.2024,05:00,70.93
26.10.2024,06:00,73.85
26.10.2024,07:00,58.5
26.10.2024,08:00,81.72
26.10.2024,09:00,75.76
26.10.2024,10:00,72.36
26.10.2024,11:00,48.26
26.10.2024,12:00,17.96
26.10.2024,13:00,41.18
26.10.2024,14:00,48.26
26.10.2024,15:00,58.53
26.10.2024,16:00,80.43
26.10.2024,17:00,84.79
26.10.2024,18:00,87.74
26.10.2024,19:00,87.74
26.10.2024,20:00,86.87
26.10.2024,21:00,82.57
26.10.2024,22:00,73.04
26.10.2024,23:00,69.44
27.10.2024,00:00,67.57
27.10.2024,01:00,70.93
27.10.2024,02:00,73.32
27.10.2024,03:00,73.01
27.10.2024,04:00,64.26
27.10.2024,05:00,58.5
27.10.2024,06:00,81.87
27.10.2024,07:00,78.24
27.10.2024,08:00,58.5
27.10.2024,09:00,35.1
27.10.2024,10:00,15.3
27.10.2024,11:00,16.26
27.10.2024,12:00,12.78
27.10.2024,13:00,29.25
27.10.2024,14:00,48.26
27.10.2024,15:00,58.5
27.10.2024,16:00,85.99
27.10.2024,17:00,87.75
27.10.2024,18:00,87.75
27.10.2024,19:00,87.75
27.10.2024,20:00,87.75
27.10.2024,21:00,87.75
27.10.2024,22:00,87.75
27.10.2024,23:00,84.79
28.10.2024,00:00,84.53
28.10.2024,01:00,78.32
28.10.2024,02:00,78.32
28.10.2024,03:00,67.84
28.10.2024,04:00,67.57
28.10.2024,05:00,78.32
28.10.2024,06:00,84.82
28.10.2024,07:00,87.75
28.10.2024,08:00,87.75
28.10.2024,09:00,84.82
28.10.2024,10:00,69.9
28.10.2024,11:00,73.12
28.10.2024,12:00,40.14
28.10.2024,13:00,48.26
28.10.2024,14:00,58.5
28.10.2024,15:00,81.61
28.10.2024,16:00,83.07
28.10.2024,17:00,87.75
28.10.2024,18:00,87.75
28.10.2024,19:00,87.75
28.10.2024,20:00,87.75
28.10.2024,21:00,81.9
28.10.2024,22:00,76.82
28.10.2024,23:00,70.02
29.10.2024,00:00,81.9
29.10.2024,01:00,79.62
29.10.2024,02:00,73.69
29.10.2024,03:00,65.75
29.10.2024,04:00,58.5
29.10.2024,05:00,58.5
29.10.2024,06:00,73.12
29.10.2024,07:00,60.14
29.10.2024,08:00,62.99
29.10.2024,09:00,48.26
29.10.2024,10:00,41.11
29.10.2024,11:00,41.51
29.10.2024,12:00,11.64
29.10.2024,13:00,15.3
29.10.2024,14:00,48.26
29.10.2024,15:00,48.26
29.10.2024,16:00,72.36
29.10.2024,17:00,85.93
29.10.2024,18:00,85.38
29.10.2024,19:00,84.25
29.10.2024,20:00,76.68
29.10.2024,21:00,76.05
29.10.2024,22:00,64.35
29.10.2024,23:00,48.26
30.10.2024,00:00,73.85
30.10.2024,01:00,67.42
30.10.2024,02:00,53.7
30.10.2024,03:00,48.26
30.10.2024,04:00,48.26
30.10.2024,05:00,62.15
30.10.2024,06:00,76.02
30.10.2024,07:00,85.12
30.10.2024,08:00,87.75
30.10.2024,09:00,84.82
30.10.2024,10:00,61.42
30.10.2024,11:00,65.78
30.10.2024,12:00,30.71
30.10.2024,13:00,48.17
30.10.2024,14:00,55.57
30.10.2024,15:00,77.42
30.10.2024,16:00,78.97
30.10.2024,17:00,87.75
30.10.2024,18:00,87.75
30.10.2024,19:00,87.75
30.10.2024,20:00,80.44
30.10.2024,21:00,67.57
30.10.2024,22:00,58.53
30.10.2024,23:00,58.15
31.10.2024,00:00,81.9
31.10.2024,01:00,70.2
31.10.2024,02:00,61.34
31.10.2024,03:00,58.5
31.10.2024,04:00,48.12
31.10.2024,05:00,58.5
31.10.2024,06:00,66.3
31.10.2024,07:00,77.45
31.10.2024,08:00,87.75
31.10.2024,09:00,78.97
31.10.2024,10:00,48.11
31.10.2024,11:00,58.5
31.10.2024,12:00,41.24
31.10.2024,13:00,48.11
31.10.2024,14:00,61.42
31.10.2024,15:00,76.03
31.10.2024,16:00,78.24
31.10.2024,17:00,87.75
31.10.2024,18:00,87.75
31.10.2024,19:00,87.75
31.10.2024,20:00,87.75
31.10.2024,21:00,80.27
31.10.2024,22:00,70.2
31.10.2024,23:00,65
1.11.2024,00:00,75.37
1.11.2024,01:00,70.07
1.11.2024,02:00,48.23
1.11.2024,03:00,58.46
1.11.2024,04:00,57.56
1.11.2024,05:00,65.07
1.11.2024,06:00,75.62
1.11.2024,07:00,86.23
1.11.2024,08:00,87.69
1.11.2024,09:00,86.82
1.11.2024,10:00,60.1
1.11.2024,11:00,63.14
1.11.2024,12:00,41.66
1.11.2024,13:00,41.65
1.11.2024,14:00,72.57
1.11.2024,15:00,73.39
1.11.2024,16:00,83
1.11.2024,17:00,87.69
1.11.2024,18:00,87.69
1.11.2024,19:00,87.69
1.11.2024,20:00,87.69
1.11.2024,21:00,84.68
1.11.2024,22:00,74.48
1.11.2024,23:00,68.52
2.11.2024,00:00,76.01
2.11.2024,01:00,58.52
2.11.2024,02:00,68.58
2.11.2024,03:00,65.74
2.11.2024,04:00,70.22
2.11.2024,05:00,73
2.11.2024,06:00,83.08
2.11.2024,07:00,83.22
2.11.2024,08:00,87.77
2.11.2024,09:00,58.52
2.11.2024,10:00,64.37
2.11.2024,11:00,51.2
2.11.2024,12:00,41.69
2.11.2024,13:00,48.28
2.11.2024,14:00,65.74
2.11.2024,15:00,80.28
2.11.2024,16:00,81.19
2.11.2024,17:00,87.77
2.11.2024,18:00,87.77
2.11.2024,19:00,87.77
2.11.2024,20:00,87.77
2.11.2024,21:00,87.77
2.11.2024,22:00,86.31
2.11.2024,23:00,73.88
3.11.2024,00:00,86.05
3.11.2024,01:00,75.12
3.11.2024,02:00,48.21
3.11.2024,03:00,61.27
3.11.2024,04:00,73.1
3.11.2024,05:00,58.12
3.11.2024,06:00,58.44
3.11.2024,07:00,48.21
3.11.2024,08:00,48.21
3.11.2024,09:00,29.22
3.11.2024,10:00,28.9
3.11.2024,11:00,12.77
3.11.2024,12:00,4.97
3.11.2024,13:00,12.77
3.11.2024,14:00,43.83
3.11.2024,15:00,48.21
3.11.2024,16:00,73.29
3.11.2024,17:00,84.65
3.11.2024,18:00,84.65
3.11.2024,19:00,84.08
3.11.2024,20:00,66.47
3.11.2024,21:00,65.81
3.11.2024,22:00,48.21
3.11.2024,23:00,48.21
4.11.2024,00:00,48.21
4.11.2024,01:00,48.21
4.11.2024,02:00,41.64
4.11.2024,03:00,41.64
4.11.2024,04:00,48.21
4.11.2024,05:00,48.21
4.11.2024,06:00,65.74
4.11.2024,07:00,86.2
4.11.2024,08:00,87.66
4.11.2024,09:00,85.85
4.11.2024,10:00,75.67
4.11.2024,11:00,52.6
4.11.2024,12:00,41.17
4.11.2024,13:00,48.21
4.11.2024,14:00,70.13
4.11.2024,15:00,85.85
4.11.2024,16:00,87.66
4.11.2024,17:00,87.66
4.11.2024,18:00,87.66
4.11.2024,19:00,87.66
4.11.2024,20:00,87.66
4.11.2024,21:00,86.08
4.11.2024,22:00,75.62
4.11.2024,23:00,67.15
5.11.2024,00:00,76.64
5.11.2024,01:00,70.08
5.11.2024,02:00,60.08
5.11.2024,03:00,60.08
5.11.2024,04:00,48.21
5.11.2024,05:00,48.21
5.11.2024,06:00,68.67
5.11.2024,07:00,70.16
5.11.2024,08:00,87.66
5.11.2024,09:00,73
5.11.2024,10:00,59.9
5.11.2024,11:00,51.13
5.11.2024,12:00,30.68
5.11.2024,13:00,48.21
5.11.2024,14:00,61.71
5.11.2024,15:00,73.78
5.11.2024,16:00,65.66
5.11.2024,17:00,87.66
5.11.2024,18:00,86.2
5.11.2024,19:00,82.98
5.11.2024,20:00,84.37
5.11.2024,21:00,82.97
5.11.2024,22:00,63.55
5.11.2024,23:00,59.9
6.11.2024,00:00,69.53
6.11.2024,01:00,58.35
6.11.2024,02:00,52.52
6.11.2024,03:00,48.14
6.11.2024,04:00,58.35
6.11.2024,05:00,65.47
6.11.2024,06:00,81.69
6.11.2024,07:00,84.78
6.11.2024,08:00,87.53
6.11.2024,09:00,83.23
6.11.2024,10:00,61.27
6.11.2024,11:00,62.55
6.11.2024,12:00,41.53
6.11.2024,13:00,48.14
6.11.2024,14:00,62.55
6.11.2024,15:00,78.98
6.11.2024,16:00,84.61
6.11.2024,17:00,87.53
6.11.2024,18:00,87.53
6.11.2024,19:00,86.27
6.11.2024,20:00,84.61
6.11.2024,21:00,80.23
6.11.2024,22:00,68.34
6.11.2024,23:00,68.34
7.11.2024,00:00,81.68
7.11.2024,01:00,67.24
7.11.2024,02:00,64.47
7.11.2024,03:00,61.55
7.11.2024,04:00,58.34
7.11.2024,05:00,48.13
7.11.2024,06:00,76.14
7.11.2024,07:00,85.79
7.11.2024,08:00,87.51
7.11.2024,09:00,84.59
7.11.2024,10:00,61.61
7.11.2024,11:00,61.26
7.11.2024,12:00,37.46
7.11.2024,13:00,52.51
7.11.2024,14:00,67.24
7.11.2024,15:00,78.97
7.11.2024,16:00,82.83
7.11.2024,17:00,87.51
7.11.2024,18:00,87.51
7.11.2024,19:00,84.59
7.11.2024,20:00,84.91
7.11.2024,21:00,81.44
7.11.2024,22:00,68.55
7.11.2024,23:00,68.55
8.11.2024,00:00,72.78
8.11.2024,01:00,62.89
8.11.2024,02:00,67.43
8.11.2024,03:00,65.73
8.11.2024,04:00,61.72
8.11.2024,05:00,48.55
8.11.2024,06:00,73.13
8.11.2024,07:00,70.21
8.11.2024,08:00,87.44
8.11.2024,09:00,78.98
8.11.2024,10:00,60.44
8.11.2024,11:00,62.89
8.11.2024,12:00,41.22
8.11.2024,13:00,41.22
8.11.2024,14:00,63.63
8.11.2024,15:00,67.28
8.11.2024,16:00,80.44
8.11.2024,17:00,87.76
8.11.2024,18:00,87.76
8.11.2024,19:00,83.91
8.11.2024,20:00,83.07
8.11.2024,21:00,76.06
8.11.2024,22:00,68.8
8.11.2024,23:00,58.51
9.11.2024,00:00,73.88
9.11.2024,01:00,65.75
9.11.2024,02:00,58.52
9.11.2024,03:00,52.67
9.11.2024,04:00,61.42
9.11.2024,05:00,70.22
9.11.2024,06:00,78.3
9.11.2024,07:00,73.15
9.11.2024,08:00,80.82
9.11.2024,09:00,61.45
9.11.2024,10:00,58.3
9.11.2024,11:00,41.7
9.11.2024,12:00,29.26
9.11.2024,13:00,41.7
9.11.2024,14:00,48.28
9.11.2024,15:00,57.52
9.11.2024,16:00,82.26
9.11.2024,17:00,87.78
9.11.2024,18:00,87.78
9.11.2024,19:00,87.78
9.11.2024,20:00,87.78
9.11.2024,21:00,86.32
9.11.2024,22:00,73.15
9.11.2024,23:00,66.13
10.11.2024,00:00,68.97
10.11.2024,01:00,58.37
10.11.2024,02:00,65.58
10.11.2024,03:00,60.01
10.11.2024,04:00,64.94
10.11.2024,05:00,57.91
10.11.2024,06:00,64.94
10.11.2024,07:00,58.37
10.11.2024,08:00,57.67
10.11.2024,09:00,48.16
10.11.2024,10:00,48.16
10.11.2024,11:00,39.2
10.11.2024,12:00,39.2
10.11.2024,13:00,48.16
10.11.2024,14:00,48.16
10.11.2024,15:00,41.59
10.11.2024,16:00,62.4
10.11.2024,17:00,72.97
10.11.2024,18:00,84.88
10.11.2024,19:00,85.52
10.11.2024,20:00,82.88
10.11.2024,21:00,72.97
10.11.2024,22:00,65.95
10.11.2024,23:00,67.48
11.11.2024,00:00,75.99
11.11.2024,01:00,76.82
11.11.2024,02:00,48.16
11.11.2024,03:00,55.31
11.11.2024,04:00,58.37
11.11.2024,05:00,69.93
11.11.2024,06:00,48.16
11.11.2024,07:00,48.16
11.11.2024,08:00,87.56
11.11.2024,09:00,87.56
11.11.2024,10:00,85
11.11.2024,11:00,84.64
11.11.2024,12:00,65.53
11.11.2024,13:00,75.01
11.11.2024,14:00,86.1
11.11.2024,15:00,87.56
11.11.2024,16:00,87.56
11.11.2024,17:00,87.56
11.11.2024,18:00,87.56
11.11.2024,19:00,87.56
11.11.2024,20:00,87.56
11.11.2024,21:00,87.56
11.11.2024,22:00,81.25
11.11.2024,23:00,71.27
12.11.2024,00:00,72.97
12.11.2024,01:00,64.94
12.11.2024,02:00,66.48
12.11.2024,03:00,64.51
12.11.2024,04:00,58.37
12.11.2024,05:00,48.16
12.11.2024,06:00,83.71
12.11.2024,07:00,87.21
12.11.2024,08:00,87.56
12.11.2024,09:00,87.27
12.11.2024,10:00,72.97
12.11.2024,11:00,72.68
12.11.2024,12:00,48.16
12.11.2024,13:00,62.17
12.11.2024,14:00,63.77
12.11.2024,15:00,80.27
12.11.2024,16:00,87.56
12.11.2024,17:00,87.56
12.11.2024,18:00,87.56
12.11.2024,19:00,87.56
12.11.2024,20:00,87.56
12.11.2024,21:00,87.27
12.11.2024,22:00,78.16
12.11.2024,23:00,68.27
13.11.2024,00:00,63
13.11.2024,01:00,64.16
13.11.2024,02:00,64.16
13.11.2024,03:00,58.33
13.11.2024,04:00,68.47
13.11.2024,05:00,72.86
13.11.2024,06:00,72.27
13.11.2024,07:00,81.66
13.11.2024,08:00,87.5
13.11.2024,09:00,87.21
13.11.2024,10:00,81.75
13.11.2024,11:00,72.86
13.11.2024,12:00,60.23
13.11.2024,13:00,68.47
13.11.2024,14:00,84.52
13.11.2024,15:00,87.21
13.11.2024,16:00,87.5
13.11.2024,17:00,87.5
13.11.2024,18:00,87.5
13.11.2024,19:00,87.5
13.11.2024,20:00,87.5
13.11.2024,21:00,87.21
13.11.2024,22:00,78.02
13.11.2024,23:00,70
14.11.2024,00:00,71.34
14.11.2024,01:00,64.84
14.11.2024,02:00,65.43
14.11.2024,03:00,61.99
14.11.2024,04:00,65.43
14.11.2024,05:00,68.34
14.11.2024,06:00,72.86
14.11.2024,07:00,77.17
14.11.2024,08:00,87.43
14.11.2024,09:00,87.43
14.11.2024,10:00,84.46
14.11.2024,11:00,84.46
14.11.2024,12:00,65.57
14.11.2024,13:00,71.4
14.11.2024,14:00,84.52
14.11.2024,15:00,87.14
14.11.2024,16:00,87.43
14.11.2024,17:00,87.43
14.11.2024,18:00,87.43
14.11.2024,19:00,87.43
14.11.2024,20:00,87.43
14.11.2024,21:00,87.14
14.11.2024,22:00,80.14
14.11.2024,23:00,74.32
15.11.2024,00:00,74.32
15.11.2024,01:00,75.78
15.11.2024,02:00,67.18
15.11.2024,03:00,64.12
15.11.2024,04:00,63.94
15.11.2024,05:00,66.4
15.11.2024,06:00,84.23
15.11.2024,07:00,85.51
15.11.2024,08:00,87.43
15.11.2024,09:00,87.14
15.11.2024,10:00,82.33
15.11.2024,11:00,77.09
15.11.2024,12:00,63.94
15.11.2024,13:00,64.24
15.11.2024,14:00,75.78
15.11.2024,15:00,87.14
15.11.2024,16:00,87.4
15.11.2024,17:00,87.43
15.11.2024,18:00,87.43
15.11.2024,19:00,84.52
15.11.2024,20:00,78.69
15.11.2024,21:00,78.69
15.11.2024,22:00,69.61
15.11.2024,23:00,58.49
16.11.2024,00:00,75.8
16.11.2024,01:00,66.06
16.11.2024,02:00,61.95
16.11.2024,03:00,62.68
16.11.2024,04:00,50.73
16.11.2024,05:00,60.64
16.11.2024,06:00,64.72
16.11.2024,07:00,64.44
16.11.2024,08:00,80.18
16.11.2024,09:00,78.69
16.11.2024,10:00,71.43
16.11.2024,11:00,66.33
16.11.2024,12:00,50.52
16.11.2024,13:00,63.68
16.11.2024,14:00,72.89
16.11.2024,15:00,62.68
16.11.2024,16:00,72.89
16.11.2024,17:00,85.95
16.11.2024,18:00,87.46
16.11.2024,19:00,82.78
16.11.2024,20:00,78.72
16.11.2024,21:00,72.89
16.11.2024,22:00,60.64
16.11.2024,23:00,50.52
17.11.2024,00:00,64.08
17.11.2024,01:00,58.22
17.11.2024,02:00,50.48
17.11.2024,03:00,50.48
17.11.2024,04:00,50.68
17.11.2024,05:00,58.22
17.11.2024,06:00,72.82
17.11.2024,07:00,60.58
17.11.2024,08:00,57.96
17.11.2024,09:00,50.48
17.11.2024,10:00,72.82
17.11.2024,11:00,66.99
17.11.2024,12:00,60.58
17.11.2024,13:00,84.47
17.11.2024,14:00,84.47
17.11.2024,15:00,84.47
17.11.2024,16:00,70.77
17.11.2024,17:00,82.7
17.11.2024,18:00,84.47
17.11.2024,19:00,84.47
17.11.2024,20:00,84.47
17.11.2024,21:00,72.82
17.11.2024,22:00,69.17
17.11.2024,23:00,68.1
18.11.2024,00:00,68.1
18.11.2024,01:00,64.05
18.11.2024,02:00,62.48
18.11.2024,03:00,62.48
18.11.2024,04:00,64.05
18.11.2024,05:00,66.96
18.11.2024,06:00,76.69
18.11.2024,07:00,76.88
18.11.2024,08:00,84.49
18.11.2024,09:00,87.38
18.11.2024,10:00,87.38
18.11.2024,11:00,87.38
18.11.2024,12:00,87.38
18.11.2024,13:00,87.38
18.11.2024,14:00,87.38
18.11.2024,15:00,87.38
18.11.2024,16:00,87.38
18.11.2024,17:00,87.38
18.11.2024,18:00,87.38
18.11.2024,19:00,87.38
18.11.2024,20:00,87.38
18.11.2024,21:00,84.47
18.11.2024,22:00,84.47
18.11.2024,23:00,77.91
19.11.2024,00:00,84.47
19.11.2024,01:00,77.91
19.11.2024,02:00,69.73
19.11.2024,03:00,63.92
19.11.2024,04:00,65.63
19.11.2024,05:00,64.81
19.11.2024,06:00,82.71
19.11.2024,07:00,87.38
19.11.2024,08:00,87.38
19.11.2024,09:00,87.38
19.11.2024,10:00,84.47
19.11.2024,11:00,75.73
19.11.2024,12:00,63.33
19.11.2024,13:00,73.71
19.11.2024,14:00,87.38
19.11.2024,15:00,87.38
19.11.2024,16:00,87.38
19.11.2024,17:00,87.38
19.11.2024,18:00,87.38
19.11.2024,19:00,87.38
19.11.2024,20:00,87.38
19.11.2024,21:00,87.38
19.11.2024,22:00,84.47
19.11.2024,23:00,72.82
20.11.2024,00:00,86.84
20.11.2024,01:00,84.22
20.11.2024,02:00,82.47
20.11.2024,03:00,71.15
20.11.2024,04:00,59.69
20.11.2024,05:00,59.69
20.11.2024,06:00,64.31
20.11.2024,07:00,76.63
20.11.2024,08:00,87.13
20.11.2024,09:00,87.13
20.11.2024,10:00,83.58
20.11.2024,11:00,71.15
20.11.2024,12:00,36.59
20.11.2024,13:00,52.28
20.11.2024,14:00,71.15
20.11.2024,15:00,69.7
20.11.2024,16:00,87.13
20.11.2024,17:00,87.13
20.11.2024,18:00,87.13
20.11.2024,19:00,84.08
20.11.2024,20:00,71.15
20.11.2024,21:00,69.36
20.11.2024,22:00,52.28
20.11.2024,23:00,41.37
21.11.2024,00:00,58.15
21.11.2024,01:00,49.14
21.11.2024,02:00,28.97
21.11.2024,03:00,41.28
21.11.2024,04:00,41
21.11.2024,05:00,47.8
21.11.2024,06:00,36.94
21.11.2024,07:00,52.15
21.11.2024,08:00,86.05
21.11.2024,09:00,84.02
21.11.2024,10:00,60.84
21.11.2024,11:00,54.9
21.11.2024,12:00,41
21.11.2024,13:00,63.56
21.11.2024,14:00,81.85
21.11.2024,15:00,71.68
21.11.2024,16:00,72.43
21.11.2024,17:00,86.92
21.11.2024,18:00,86.92
21.11.2024,19:00,86.92
21.11.2024,20:00,86.92
21.11.2024,21:00,84.02
21.11.2024,22:00,76.29
21.11.2024,23:00,69.98
22.11.2024,00:00,63.16
22.11.2024,01:00,67.75
22.11.2024,02:00,63.1
22.11.2024,03:00,65.19
22.11.2024,04:00,65.19
22.11.2024,05:00,59.64
22.11.2024,06:00,72.6
22.11.2024,07:00,84.21
22.11.2024,08:00,87.12
22.11.2024,09:00,87.12
22.11.2024,10:00,87.12
22.11.2024,11:00,86.37
22.11.2024,12:00,52.27
22.11.2024,13:00,57.9
22.11.2024,14:00,71.14
22.11.2024,15:00,81.02
22.11.2024,16:00,86.37
22.11.2024,17:00,87.12
22.11.2024,18:00,85.66
22.11.2024,19:00,64.62
22.11.2024,20:00,52.27
22.11.2024,21:00,59.7
22.11.2024,22:00,52.27
22.11.2024,23:00,18.75
23.11.2024,00:00,52.25
23.11.2024,01:00,41.36
23.11.2024,02:00,40.76
23.11.2024,03:00,40.76
23.11.2024,04:00,40.76
23.11.2024,05:00,41.36
23.11.2024,06:00,41.36
23.11.2024,07:00,52.25
23.11.2024,08:00,72.57
23.11.2024,09:00,63.86
23.11.2024,10:00,69.49
23.11.2024,11:00,57.88
23.11.2024,12:00,52.25
23.11.2024,13:00,59.68
23.11.2024,14:00,80.99
23.11.2024,15:00,85.34
23.11.2024,16:00,87.03
23.11.2024,17:00,87.08
23.11.2024,18:00,87.08
23.11.2024,19:00,84.18
23.11.2024,20:00,73.68
23.11.2024,21:00,72.86
23.11.2024,22:00,69.91
23.11.2024,23:00,52.25
24.11.2024,00:00,54.98
24.11.2024,01:00,52.23
24.11.2024,02:00,40.57
24.11.2024,03:00,43.52
24.11.2024,04:00,40.57
24.11.2024,05:00,30.47
24.11.2024,06:00,41.35
24.11.2024,07:00,40.57
24.11.2024,08:00,55.25
24.11.2024,09:00,52.23
24.11.2024,10:00,40.57
24.11.2024,11:00,29.02
24.11.2024,12:00,40.57
24.11.2024,13:00,41.35
24.11.2024,14:00,52.23
24.11.2024,15:00,52.23
24.11.2024,16:00,47.88
24.11.2024,17:00,74.52
24.11.2024,18:00,84.06
24.11.2024,19:00,82.39
24.11.2024,20:00,81.57
24.11.2024,21:00,76.55
24.11.2024,22:00,59.6
24.11.2024,23:00,59.6
25.11.2024,00:00,75.44
25.11.2024,01:00,72.54
25.11.2024,02:00,63.35
25.11.2024,03:00,62.24
25.11.2024,04:00,57.13
25.11.2024,05:00,69.46
25.11.2024,06:00,72.31
25.11.2024,07:00,52.23
25.11.2024,08:00,87.05
25.11.2024,09:00,87.05
25.11.2024,10:00,86.76
25.11.2024,11:00,76.87
25.11.2024,12:00,60.31
25.11.2024,13:00,61.18
25.11.2024,14:00,71.78
25.11.2024,15:00,84.06
25.11.2024,16:00,87.05
25.11.2024,17:00,87.05
25.11.2024,18:00,87.05
25.11.2024,19:00,87.02
25.11.2024,20:00,87.05
25.11.2024,21:00,86.76
25.11.2024,22:00,66.01
25.11.2024,23:00,61.18
26.11.2024,00:00,68.39
26.11.2024,01:00,63.11
26.11.2024,02:00,57.28
26.11.2024,03:00,52.23
26.11.2024,04:00,72.44
26.11.2024,05:00,76.41
26.11.2024,06:00,78.34
26.11.2024,07:00,82.39
26.11.2024,08:00,87.05
26.11.2024,09:00,87.05
26.11.2024,10:00,87.05
26.11.2024,11:00,87.05
26.11.2024,12:00,87.05
26.11.2024,13:00,87.05
26.11.2024,14:00,87.05
26.11.2024,15:00,87.05
26.11.2024,16:00,87.05
26.11.2024,17:00,87.05
26.11.2024,18:00,87.05
26.11.2024,19:00,87.05
26.11.2024,20:00,87.05
26.11.2024,21:00,87.05
26.11.2024,22:00,84.14
26.11.2024,23:00,82.22
27.11.2024,00:00,83.96
27.11.2024,01:00,70.98
27.11.2024,02:00,65.01
27.11.2024,03:00,61.36
27.11.2024,04:00,61.36
27.11.2024,05:00,61.36
27.11.2024,06:00,66.92
27.11.2024,07:00,85.13
27.11.2024,08:00,86.91
27.11.2024,09:00,86.91
27.11.2024,10:00,86.91
27.11.2024,11:00,86.91
27.11.2024,12:00,70.33
27.11.2024,13:00,83.96
27.11.2024,14:00,82.26
27.11.2024,15:00,86.91
27.11.2024,16:00,86.91
27.11.2024,17:00,86.91
27.11.2024,18:00,86.91
27.11.2024,19:00,86.91
27.11.2024,20:00,86.91
27.11.2024,21:00,86.91
27.11.2024,22:00,82.26
27.11.2024,23:00,81.78
28.11.2024,00:00,82.15
28.11.2024,01:00,72.73
28.11.2024,02:00,68.04
28.11.2024,03:00,64.91
28.11.2024,04:00,64.91
28.11.2024,05:00,69.81
28.11.2024,06:00,86.77
28.11.2024,07:00,86.77
28.11.2024,08:00,86.77
28.11.2024,09:00,86.77
28.11.2024,10:00,86.77
28.11.2024,11:00,86.77
28.11.2024,12:00,72.85
28.11.2024,13:00,83.88
28.11.2024,14:00,78.28
28.11.2024,15:00,85.68
28.11.2024,16:00,86.77
28.11.2024,17:00,86.77
28.11.2024,18:00,86.77
28.11.2024,19:00,86.77
28.11.2024,20:00,86.77
28.11.2024,21:00,86.77
28.11.2024,22:00,86.77
28.11.2024,23:00,86.77
29.11.2024,00:00,86.77
29.11.2024,01:00,85.33
29.11.2024,02:00,77.28
29.11.2024,03:00,75.2
29.11.2024,04:00,73.24
29.11.2024,05:00,75.2
29.11.2024,06:00,86.77
29.11.2024,07:00,86.77
29.11.2024,08:00,86.77
29.11.2024,09:00,86.77
29.11.2024,10:00,86.77
29.11.2024,11:00,86.77
29.11.2024,12:00,72.31
29.11.2024,13:00,72.31
29.11.2024,14:00,85.95
29.11.2024,15:00,86.77
29.11.2024,16:00,86.77
29.11.2024,17:00,86.77
29.11.2024,18:00,86.77
29.11.2024,19:00,86.77
29.11.2024,20:00,86.77
29.11.2024,21:00,86.77
29.11.2024,22:00,86.77
29.11.2024,23:00,86.77
30.11.2024,00:00,83.89
30.11.2024,01:00,78.1
30.11.2024,02:00,71.95
30.11.2024,03:00,66.27
30.11.2024,04:00,64.59
30.11.2024,05:00,64.59
30.11.2024,06:00,79.62
30.11.2024,07:00,86.78
30.11.2024,08:00,86.78
30.11.2024,09:00,86.78
30.11.2024,10:00,78.1
30.11.2024,11:00,71.57
30.11.2024,12:00,52.07
30.11.2024,13:00,62.05
30.11.2024,14:00,66.53
30.11.2024,15:00,85.33
30.11.2024,16:00,86.78
30.11.2024,17:00,86.78
30.11.2024,18:00,86.78
30.11.2024,19:00,86.78
30.11.2024,20:00,86.78
30.11.2024,21:00,86.78
30.11.2024,22:00,73.99
30.11.2024,23:00,64.59
1.12.2024,00:00,75.19
1.12.2024,01:00,75.19
1.12.2024,02:00,77.53
1.12.2024,03:00,73.02
1.12.2024,04:00,63.62
1.12.2024,05:00,64.98
1.12.2024,06:00,85.31
1.12.2024,07:00,83.23
1.12.2024,08:00,59.4
1.12.2024,09:00,41.21
1.12.2024,10:00,39.04
1.12.2024,11:00,9.23
1.12.2024,12:00,28.92
1.12.2024,13:00,52.05
1.12.2024,14:00,47.72
1.12.2024,15:00,39.04
1.12.2024,16:00,80.25
1.12.2024,17:00,86.47
1.12.2024,18:00,86.76
1.12.2024,19:00,86.47
1.12.2024,20:00,86.47
1.12.2024,21:00,86.47
1.12.2024,22:00,64.24
1.12.2024,23:00,64.24
2.12.2024,00:00,77.64
2.12.2024,01:00,70.13
2.12.2024,02:00,63.6
2.12.2024,03:00,62.31
2.12.2024,04:00,52.05
2.12.2024,05:00,61.14
2.12.2024,06:00,72.09
2.12.2024,07:00,59.4
2.12.2024,08:00,83.58
2.12.2024,09:00,85.31
2.12.2024,10:00,72.3
2.12.2024,11:00,79.36
2.12.2024,12:00,59.4
2.12.2024,13:00,61.2
2.12.2024,14:00,81.7
2.12.2024,15:00,86.47
2.12.2024,16:00,86.76
2.12.2024,17:00,86.76
2.12.2024,18:00,86.76
2.12.2024,19:00,86.47
2.12.2024,20:00,86.47
2.12.2024,21:00,85.31
2.12.2024,22:00,73.74
2.12.2024,23:00,73.62
3.12.2024,00:00,75.19
3.12.2024,01:00,70.2
3.12.2024,02:00,61.86
3.12.2024,03:00,56.04
3.12.2024,04:00,59.4
3.12.2024,05:00,64.89
3.12.2024,06:00,73.57
3.12.2024,07:00,78.08
3.12.2024,08:00,85.31
3.12.2024,09:00,86.47
3.12.2024,10:00,83.86
3.12.2024,11:00,85.2
3.12.2024,12:00,64.89
3.12.2024,13:00,71.73
3.12.2024,14:00,85.31
3.12.2024,15:00,86.76
3.12.2024,16:00,86.76
3.12.2024,17:00,86.76
3.12.2024,18:00,86.76
3.12.2024,19:00,85.31
3.12.2024,20:00,85.31
3.12.2024,21:00,78.08
3.12.2024,22:00,72.3
3.12.2024,23:00,72.3
4.12.2024,00:00,69.78
4.12.2024,01:00,64.17
4.12.2024,02:00,60.04
4.12.2024,03:00,62.53
4.12.2024,04:00,62.53
4.12.2024,05:00,59.29
4.12.2024,06:00,69.28
4.12.2024,07:00,75.05
4.12.2024,08:00,86.31
4.12.2024,09:00,86.6
4.12.2024,10:00,86.6
4.12.2024,11:00,86.6
4.12.2024,12:00,85.15
4.12.2024,13:00,86.31
4.12.2024,14:00,86.6
4.12.2024,15:00,86.6
4.12.2024,16:00,86.6
4.12.2024,17:00,86.6
4.12.2024,18:00,86.6
4.12.2024,19:00,86.6
4.12.2024,20:00,86.6
4.12.2024,21:00,86.31
4.12.2024,22:00,73.61
4.12.2024,23:00,72.64
5.12.2024,00:00,74.33
5.12.2024,01:00,69.15
5.12.2024,02:00,62.99
5.12.2024,03:00,62
5.12.2024,04:00,59.23
5.12.2024,05:00,59.23
5.12.2024,06:00,69.21
5.12.2024,07:00,74.98
5.12.2024,08:00,86.23
5.12.2024,09:00,86.51
5.12.2024,10:00,86.23
5.12.2024,11:00,85.07
5.12.2024,12:00,74.98
5.12.2024,13:00,83.54
5.12.2024,14:00,85.07
5.12.2024,15:00,86.23
5.12.2024,16:00,86.51
5.12.2024,17:00,86.51
5.12.2024,18:00,86.51
5.12.2024,19:00,86.48
5.12.2024,20:00,86.23
5.12.2024,21:00,83.63
5.12.2024,22:00,71.72
5.12.2024,23:00,71.53
6.12.2024,00:00,72.07
6.12.2024,01:00,61.69
6.12.2024,02:00,61.69
6.12.2024,03:00,60.52
6.12.2024,04:00,61.69
6.12.2024,05:00,64.69
6.12.2024,06:00,70.17
6.12.2024,07:00,74.49
6.12.2024,08:00,85.48
6.12.2024,09:00,86.2
6.12.2024,10:00,83.26
6.12.2024,11:00,76.06
6.12.2024,12:00,59.2
6.12.2024,13:00,57.66
6.12.2024,14:00,60.52
6.12.2024,15:00,85.08
6.12.2024,16:00,86.49
6.12.2024,17:00,86.49
6.12.2024,18:00,86.49
6.12.2024,19:00,86.2
6.12.2024,20:00,85.05
6.12.2024,21:00,72.36
6.12.2024,22:00,65.59
6.12.2024,23:00,60.52
7.12.2024,00:00,74.68
7.12.2024,01:00,63.45
7.12.2024,02:00,61.28
7.12.2024,03:00,60.54
7.12.2024,04:00,59.22
7.12.2024,05:00,59.22
7.12.2024,06:00,64.71
7.12.2024,07:00,72.63
7.12.2024,08:00,83.34
7.12.2024,09:00,82.77
7.12.2024,10:00,75.94
7.12.2024,11:00,80.17
7.12.2024,12:00,51.91
7.12.2024,13:00,57.41
7.12.2024,14:00,69.17
7.12.2024,15:00,83.34
7.12.2024,16:00,83.34
7.12.2024,17:00,85.07
7.12.2024,18:00,85.07
7.12.2024,19:00,80.17
7.12.2024,20:00,80.17
7.12.2024,21:00,77.14
7.12.2024,22:00,64.99
7.12.2024,23:00,51.91
8.12.2024,00:00,51.87
8.12.2024,01:00,47.55
8.12.2024,02:00,40.31
8.12.2024,03:00,30.26
8.12.2024,04:00,40.31
8.12.2024,05:00,40.31
8.12.2024,06:00,47.55
8.12.2024,07:00,40.31
8.12.2024,08:00,45.96
8.12.2024,09:00,38.9
8.12.2024,10:00,51.87
8.12.2024,11:00,51.87
8.12.2024,12:00,41.07
8.12.2024,13:00,51.87
8.12.2024,14:00,51.87
8.12.2024,15:00,57.17
8.12.2024,16:00,80.16
8.12.2024,17:00,85.01
8.12.2024,18:00,86.17
8.12.2024,19:00,85.01
8.12.2024,20:00,75.86
8.12.2024,21:00,75.86
8.12.2024,22:00,56.72
8.12.2024,23:00,45.96
9.12.2024,00:00,51.87
9.12.2024,01:00,47.55
9.12.2024,02:00,28.82
9.12.2024,03:00,37.01
9.12.2024,04:00,36.6
9.12.2024,05:00,40.05
9.12.2024,06:00,37.46
9.12.2024,07:00,57.17
9.12.2024,08:00,86.45
9.12.2024,09:00,85.44
9.12.2024,10:00,73.72
9.12.2024,11:00,51.87
9.12.2024,12:00,51.87
9.12.2024,13:00,51.87
9.12.2024,14:00,67.68
9.12.2024,15:00,80.87
9.12.2024,16:00,85.01
9.12.2024,17:00,86.45
9.12.2024,18:00,85.01
9.12.2024,19:00,79.25
9.12.2024,20:00,80.23
9.12.2024,21:00,65.56
9.12.2024,22:00,54.61
9.12.2024,23:00,60.52
10.12.2024,00:00,74.58
10.12.2024,01:00,66.19
10.12.2024,02:00,51.87
10.12.2024,03:00,51.87
10.12.2024,04:00,51.87
10.12.2024,05:00,51.87
10.12.2024,06:00,53.98
10.12.2024,07:00,77.78
10.12.2024,08:00,86.17
10.12.2024,09:00,85.01
10.12.2024,10:00,75.71
10.12.2024,11:00,69.12
10.12.2024,12:00,30.26
10.12.2024,13:00,57.64
10.12.2024,14:00,72.04
10.12.2024,15:00,73.49
10.12.2024,16:00,81.84
10.12.2024,17:00,86.17
10.12.2024,18:00,86.02
10.12.2024,19:00,78.53
10.12.2024,20:00,81.57
10.12.2024,21:00,74.93
10.12.2024,22:00,69.84
10.12.2024,23:00,64.06
11.12.2024,00:00,71.57
11.12.2024,01:00,59.16
11.12.2024,02:00,54.53
11.12.2024,03:00,51.8
11.12.2024,04:00,64.66
11.12.2024,05:00,73.86
11.12.2024,06:00,73.38
11.12.2024,07:00,71.59
11.12.2024,08:00,86.04
11.12.2024,09:00,86.04
11.12.2024,10:00,84.78
11.12.2024,11:00,83.6
11.12.2024,12:00,65.24
11.12.2024,13:00,74.47
11.12.2024,14:00,84.61
11.12.2024,15:00,86.04
11.12.2024,16:00,86.33
11.12.2024,17:00,86.33
11.12.2024,18:00,86.33
11.12.2024,19:00,86.04
11.12.2024,20:00,86.04
11.12.2024,21:00,84.14
11.12.2024,22:00,74.82
11.12.2024,23:00,71.45
12.12.2024,00:00,76.88
12.12.2024,01:00,69.72
12.12.2024,02:00,64.55
12.12.2024,03:00,54.49
12.12.2024,04:00,51.75
12.12.2024,05:00,54.49
12.12.2024,06:00,74.41
12.12.2024,07:00,77.42
12.12.2024,08:00,86.26
12.12.2024,09:00,86.26
12.12.2024,10:00,86.26
12.12.2024,11:00,85.97
12.12.2024,12:00,67.58
12.12.2024,13:00,77.42
12.12.2024,14:00,84.82
12.12.2024,15:00,85.97
12.12.2024,16:00,86.26
12.12.2024,17:00,86.26
12.12.2024,18:00,85.94
12.12.2024,19:00,77.6
12.12.2024,20:00,74.86
12.12.2024,21:00,74.41
12.12.2024,22:00,69.13
12.12.2024,23:00,60.91
13.12.2024,00:00,68.96
13.12.2024,01:00,59.08
13.12.2024,02:00,63.13
13.12.2024,03:00,63.13
13.12.2024,04:00,64.51
13.12.2024,05:00,64.81
13.12.2024,06:00,66.19
13.12.2024,07:00,75.17
13.12.2024,08:00,86.2
13.12.2024,09:00,86.2
13.12.2024,10:00,84.76
13.12.2024,11:00,77.26
13.12.2024,12:00,57.01
13.12.2024,13:00,51.72
13.12.2024,14:00,61.43
13.12.2024,15:00,68.96
13.12.2024,16:00,84.76
13.12.2024,17:00,85.91
13.12.2024,18:00,83.3
13.12.2024,19:00,73.27
13.12.2024,20:00,74.39
13.12.2024,21:00,74.71
13.12.2024,22:00,60.68
13.12.2024,23:00,57.01
14.12.2024,00:00,63.9
14.12.2024,01:00,56.81
14.12.2024,02:00,61.03
14.12.2024,03:00,59.05
14.12.2024,04:00,65.97
14.12.2024,05:00,71.46
14.12.2024,06:00,74.67
14.12.2024,07:00,74.67
14.12.2024,08:00,84.73
14.12.2024,09:00,84.73
14.12.2024,10:00,71.75
14.12.2024,11:00,61.41
14.12.2024,12:00,59.03
14.12.2024,13:00,60.47
14.12.2024,14:00,66.1
14.12.2024,15:00,82.97
14.12.2024,16:00,85.88
14.12.2024,17:00,86.16
14.12.2024,18:00,86.16
14.12.2024,19:00,86.16
14.12.2024,20:00,85.88
14.12.2024,21:00,80.42
14.12.2024,22:00,65.97
14.12.2024,23:00,64.48
15.12.2024,00:00,84.62
15.12.2024,01:00,77.42
15.12.2024,02:00,69.38
15.12.2024,03:00,51.63
15.12.2024,04:00,51.63
15.12.2024,05:00,51.63
15.12.2024,06:00,58.96
15.12.2024,07:00,58.96
15.12.2024,08:00,47.33
15.12.2024,09:00,40.88
15.12.2024,10:00,30.12
15.12.2024,11:00,37.29
15.12.2024,12:00,30.12
15.12.2024,13:00,49.91
15.12.2024,14:00,58.96
15.12.2024,15:00,66.08
15.12.2024,16:00,57.37
15.12.2024,17:00,82.61
15.12.2024,18:00,84.62
15.12.2024,19:00,84.62
15.12.2024,20:00,84.62
15.12.2024,21:00,77.42
15.12.2024,22:00,64.64
15.12.2024,23:00,63.82
16.12.2024,00:00,78.81
16.12.2024,01:00,68.48
16.12.2024,02:00,47.33
16.12.2024,03:00,40.88
16.12.2024,04:00,40.88
16.12.2024,05:00,54.5
16.12.2024,06:00,69.54
16.12.2024,07:00,65.97
16.12.2024,08:00,84.62
16.12.2024,09:00,86.05
16.12.2024,10:00,86.05
16.12.2024,11:00,86.05
16.12.2024,12:00,85.48
16.12.2024,13:00,86.05
16.12.2024,14:00,86.05
16.12.2024,15:00,86.05
16.12.2024,16:00,86.05
16.12.2024,17:00,86.05
16.12.2024,18:00,86.05
16.12.2024,19:00,85.19
16.12.2024,20:00,84.62
16.12.2024,21:00,79.23
16.12.2024,22:00,71.71
16.12.2024,23:00,68.73
17.12.2024,00:00,81.03
17.12.2024,01:00,61.61
17.12.2024,02:00,57.37
17.12.2024,03:00,56.36
17.12.2024,04:00,55.93
17.12.2024,05:00,62.17
17.12.2024,06:00,70.65
17.12.2024,07:00,74.58
17.12.2024,08:00,86.05
17.12.2024,09:00,86.05
17.12.2024,10:00,83.76
17.12.2024,11:00,61.19
17.12.2024,12:00,51.63
17.12.2024,13:00,61.19
17.12.2024,14:00,63.82
17.12.2024,15:00,84.62
17.12.2024,16:00,86.05
17.12.2024,17:00,86.05
17.12.2024,18:00,86.05
17.12.2024,19:00,86.05
17.12.2024,20:00,86.05
17.12.2024,21:00,85.48
17.12.2024,22:00,74.58
17.12.2024,23:00,73.14
18.12.2024,00:00,68.55
18.12.2024,01:00,67.17
18.12.2024,02:00,62.93
18.12.2024,03:00,60.81
18.12.2024,04:00,62.93
18.12.2024,05:00,66.05
18.12.2024,06:00,74.31
18.12.2024,07:00,84.53
18.12.2024,08:00,85.96
18.12.2024,09:00,85.96
18.12.2024,10:00,83.04
18.12.2024,11:00,64.3
18.12.2024,12:00,55.88
18.12.2024,13:00,60.81
18.12.2024,14:00,72.32
18.12.2024,15:00,85.96
18.12.2024,16:00,85.96
18.12.2024,17:00,85.96
18.12.2024,18:00,85.96
18.12.2024,19:00,85.96
18.12.2024,20:00,85.96
18.12.2024,21:00,85.96
18.12.2024,22:00,74.61
18.12.2024,23:00,72.35
19.12.2024,00:00,74.45
19.12.2024,01:00,68.28
19.12.2024,02:00,63.47
19.12.2024,03:00,61.42
19.12.2024,04:00,63.47
19.12.2024,05:00,60.46
19.12.2024,06:00,70.94
19.12.2024,07:00,84.47
19.12.2024,08:00,85.91
19.12.2024,09:00,85.91
19.12.2024,10:00,84.15
19.12.2024,11:00,68.67
19.12.2024,12:00,51.54
19.12.2024,13:00,61.42
19.12.2024,14:00,74.53
19.12.2024,15:00,85.33
19.12.2024,16:00,85.91
19.12.2024,17:00,85.91
19.12.2024,18:00,85.91
19.12.2024,19:00,85.91
19.12.2024,20:00,85.91
19.12.2024,21:00,84.15
19.12.2024,22:00,72.45
19.12.2024,23:00,65.86
20.12.2024,00:00,72.96
20.12.2024,01:00,72.19
20.12.2024,02:00,64.29
20.12.2024,03:00,58.56
20.12.2024,04:00,58.82
20.12.2024,05:00,61.51
20.12.2024,06:00,66.75
20.12.2024,07:00,79.82
20.12.2024,08:00,85.83
20.12.2024,09:00,85.83
20.12.2024,10:00,85.83
20.12.2024,11:00,71.04
20.12.2024,12:00,49.75
20.12.2024,13:00,40.77
20.12.2024,14:00,62.94
20.12.2024,15:00,62.94
20.12.2024,16:00,84.4
20.12.2024,17:00,85.83
20.12.2024,18:00,85.26
20.12.2024,19:00,77.42
20.12.2024,20:00,75.76
20.12.2024,21:00,71.52
20.12.2024,22:00,66.75
20.12.2024,23:00,54.22
21.12.2024,00:00,81.57
21.12.2024,01:00,76.56
21.12.2024,02:00,68.5
21.12.2024,03:00,54.28
21.12.2024,04:00,60.73
21.12.2024,05:00,65.7
21.12.2024,06:00,51.42
21.12.2024,07:00,57.33
21.12.2024,08:00,82.84
21.12.2024,09:00,84.16
21.12.2024,10:00,68.22
21.12.2024,11:00,70.77
21.12.2024,12:00,51.42
21.12.2024,13:00,57.05
21.12.2024,14:00,71.08
21.12.2024,15:00,79.27
21.12.2024,16:00,84.27
21.12.2024,17:00,85.7
21.12.2024,18:00,85.7
21.12.2024,19:00,84.27
21.12.2024,20:00,84.27
21.12.2024,21:00,77.13
21.12.2024,22:00,61.42
21.12.2024,23:00,61.42
22.12.2024,00:00,72.02
22.12.2024,01:00,56.96
22.12.2024,02:00,51.34
22.12.2024,03:00,64.12
22.12.2024,04:00,64.7
22.12.2024,05:00,76.29
22.12.2024,06:00,64.12
22.12.2024,07:00,61.26
22.12.2024,08:00,76.29
22.12.2024,09:00,63.46
22.12.2024,10:00,56.59
22.12.2024,11:00,65.74
22.12.2024,12:00,72.02
22.12.2024,13:00,81.07
22.12.2024,14:00,72.73
22.12.2024,15:00,75.1
22.12.2024,16:00,84.11
22.12.2024,17:00,85.56
22.12.2024,18:00,85.56
22.12.2024,19:00,85.56
22.12.2024,20:00,84.99
22.12.2024,21:00,82.71
22.12.2024,22:00,66.84
22.12.2024,23:00,59.56
23.12.2024,00:00,72.73
23.12.2024,01:00,74.15
23.12.2024,02:00,66.41
23.12.2024,03:00,65.23
23.12.2024,04:00,56.86
23.12.2024,05:00,51.34
23.12.2024,06:00,54.19
23.12.2024,07:00,74.47
23.12.2024,08:00,85.56
23.12.2024,09:00,85.56
23.12.2024,10:00,84.31
23.12.2024,11:00,85.25
23.12.2024,12:00,68.45
23.12.2024,13:00,71.09
23.12.2024,14:00,84.15
23.12.2024,15:00,85.56
23.12.2024,16:00,85.56
23.12.2024,17:00,85.56
23.12.2024,18:00,82.66
23.12.2024,19:00,51.34
23.12.2024,20:00,64.89
23.12.2024,21:00,72.73
23.12.2024,22:00,58.64
23.12.2024,23:00,53.43
24.12.2024,00:00,71.3
24.12.2024,01:00,51.34
24.12.2024,02:00,40.64
24.12.2024,03:00,40.62
24.12.2024,04:00,40.64
24.12.2024,05:00,51.34
24.12.2024,06:00,51.99
24.12.2024,07:00,54.05
24.12.2024,08:00,84.08
24.12.2024,09:00,84.14
24.12.2024,10:00,79.15
24.12.2024,11:00,75.58
24.12.2024,12:00,59.32
24.12.2024,13:00,72.02
24.12.2024,14:00,79.86
24.12.2024,15:00,85.25
24.12.2024,16:00,85.56
24.12.2024,17:00,85.56
24.12.2024,18:00,85.56
24.12.2024,19:00,82.66
24.12.2024,20:00,80.99
24.12.2024,21:00,73.09
24.12.2024,22:00,68.39
24.12.2024,23:00,60.16
25.12.2024,00:00,67.75
25.12.2024,01:00,71.21
25.12.2024,02:00,63.63
25.12.2024,03:00,61.24
25.12.2024,04:00,62.67
25.12.2024,05:00,61.24
25.12.2024,06:00,57.17
25.12.2024,07:00,68.28
25.12.2024,08:00,85.45
25.12.2024,09:00,85.45
25.12.2024,10:00,82.56
25.12.2024,11:00,75.48
25.12.2024,12:00,61.16
25.12.2024,13:00,68.36
25.12.2024,14:00,74.48
25.12.2024,15:00,78.33
25.12.2024,16:00,85.14
25.12.2024,17:00,85.45
25.12.2024,18:00,82.02
25.12.2024,19:00,60.03
25.12.2024,20:00,59.12
25.12.2024,21:00,64.8
25.12.2024,22:00,56.97
25.12.2024,23:00,49.85
26.12.2024,00:00,74.54
26.12.2024,01:00,59.69
26.12.2024,02:00,51.16
26.12.2024,03:00,51.16
26.12.2024,04:00,51.16
26.12.2024,05:00,62.82
26.12.2024,06:00,68.51
26.12.2024,07:00,77.88
26.12.2024,08:00,85.27
26.12.2024,09:00,85.27
26.12.2024,10:00,80.41
26.12.2024,11:00,71.31
26.12.2024,12:00,58.7
26.12.2024,13:00,68.22
26.12.2024,14:00,76.38
26.12.2024,15:00,81.01
26.12.2024,16:00,84.72
26.12.2024,17:00,85.27
26.12.2024,18:00,73.87
26.12.2024,19:00,67.83
26.12.2024,20:00,72.48
26.12.2024,21:00,72.48
26.12.2024,22:00,65.26
26.12.2024,23:00,51.16
27.12.2024,00:00,54.34
27.12.2024,01:00,48.31
27.12.2024,02:00,28.4
27.12.2024,03:00,40.42
27.12.2024,04:00,36.2
27.12.2024,05:00,46.85
27.12.2024,06:00,45.63
27.12.2024,07:00,51.11
27.12.2024,08:00,76.17
27.12.2024,09:00,79.48
27.12.2024,10:00,70.93
27.12.2024,11:00,61.76
27.12.2024,12:00,59.04
27.12.2024,13:00,56.79
27.12.2024,14:00,74.93
27.12.2024,15:00,83.48
27.12.2024,16:00,85.19
27.12.2024,17:00,85.19
27.12.2024,18:00,83.03
27.12.2024,19:00,70.93
27.12.2024,20:00,72.41
27.12.2024,21:00,73.83
27.12.2024,22:00,66.94
27.12.2024,23:00,65.52
28.12.2024,00:00,71.73
28.12.2024,01:00,62.49
28.12.2024,02:00,56.81
28.12.2024,03:00,51.13
28.12.2024,04:00,51.13
28.12.2024,05:00,53.2
28.12.2024,06:00,67.29
28.12.2024,07:00,56.81
28.12.2024,08:00,59.65
28.12.2024,09:00,79.51
28.12.2024,10:00,70.96
28.12.2024,11:00,68.18
28.12.2024,12:00,59.44
28.12.2024,13:00,62.49
28.12.2024,14:00,61.18
28.12.2024,15:00,68.18
28.12.2024,16:00,78.11
28.12.2024,17:00,85.22
28.12.2024,18:00,79.54
28.12.2024,19:00,68.18
28.12.2024,20:00,73.56
28.12.2024,21:00,70.85
28.12.2024,22:00,65.48
28.12.2024,23:00,65.31
29.12.2024,00:00,51.23
29.12.2024,01:00,51.23
29.12.2024,02:00,36.29
29.12.2024,03:00,40.41
29.12.2024,04:00,28.46
29.12.2024,05:00,40.41
29.12.2024,06:00,40.41
29.12.2024,07:00,42.69
29.12.2024,08:00,40.41
29.12.2024,09:00,51.23
29.12.2024,10:00,54.53
29.12.2024,11:00,56.04
29.12.2024,12:00,70.18
29.12.2024,13:00,73.87
29.12.2024,14:00,76.58
29.12.2024,15:00,76.51
29.12.2024,16:00,69.76
29.12.2024,17:00,72.55
29.12.2024,18:00,76.84
29.12.2024,19:00,72.55
29.12.2024,20:00,71.15
29.12.2024,21:00,72.57
29.12.2024,22:00,63.32
29.12.2024,23:00,51.23
30.12.2024,00:00,57.12
30.12.2024,01:00,51.23
30.12.2024,02:00,40.53
30.12.2024,03:00,40.56
30.12.2024,04:00,49.04
30.12.2024,05:00,51.23
30.12.2024,06:00,69.02
30.12.2024,07:00,71.37
30.12.2024,08:00,72.29
30.12.2024,09:00,85.38
30.12.2024,10:00,85.38
30.12.2024,11:00,84.81
30.12.2024,12:00,72.29
30.12.2024,13:00,82.25
30.12.2024,14:00,85.38
30.12.2024,15:00,85.38
30.12.2024,16:00,85.38
30.12.2024,17:00,85.38
30.12.2024,18:00,85.38
30.12.2024,19:00,72.29
30.12.2024,20:00,62.9
30.12.2024,21:00,72.29
30.12.2024,22:00,65.76
30.12.2024,23:00,65.6
31.12.2024,00:00,80.4
31.12.2024,01:00,71.15
31.12.2024,02:00,60.48
31.12.2024,03:00,53.65
31.12.2024,04:00,56.92
31.12.2024,05:00,62.27
31.12.2024,06:00,62.27
31.12.2024,07:00,72.72
31.12.2024,08:00,85.38
31.12.2024,09:00,85.38
31.12.2024,10:00,80.68
31.12.2024,11:00,58.51
31.12.2024,12:00,59.75
31.12.2024,13:00,59.75
31.12.2024,14:00,59.75
31.12.2024,15:00,76.76
31.12.2024,16:00,85.1
31.12.2024,17:00,85.38
31.12.2024,18:00,84.81
31.12.2024,19:00,72.25
31.12.2024,20:00,72.72
31.12.2024,21:00,76.84
31.12.2024,22:00,58.51
31.12.2024,23:00,56.47
1.01.2025,00:00,70.81
1.01.2025,01:00,51.1
1.01.2025,02:00,48.06
1.01.2025,03:00,63.74
1.01.2025,04:00,68.14
1.01.2025,05:00,76.09
1.01.2025,06:00,84.89
1.01.2025,07:00,84.6
1.01.2025,08:00,85.17
1.01.2025,09:00,73.82
1.01.2025,10:00,38.33
1.01.2025,11:00,51.1
1.01.2025,12:00,28.39
1.01.2025,13:00,42.94
1.01.2025,14:00,56.92
1.01.2025,15:00,64.82
1.01.2025,16:00,85.17
1.01.2025,17:00,85.17
1.01.2025,18:00,85.17
1.01.2025,19:00,85.17
1.01.2025,20:00,85.17
1.01.2025,21:00,85.17
1.01.2025,22:00,68.14
1.01.2025,23:00,64.56